PassengerId,Survived,Pclass,Name,Sex,Age,SibSp,Parch,Ticket,Fare,Cabin,Embarked
425,0,3,"""Rosblom, Mr. Viktor Richard""",male,18,1,1,"""370129""",20.2125,"""""",S
634,0,3,"""Skoog, Miss. Mabel""",female,9.0,3,2,"""347088""",27.9,"""""",S
731,1,1,"""Allen, Miss. Elisabeth Walton""",female,29,0,0,24160,211.3375,B5,S
342,1,2,"""Collander, Mr. Erik Gustaf""",male,28.0,0,0,248740,13.0,"""""",S
345,0,2,"""Sedgwick, Mr. Charles Frederick Waddington""",male,25,0,0,"""244361""",13.0,"""""",S
342,1,1,"""Collander, Miss. Marjorie""",female,25,0,0,106369,56.9292,A25,C
123,0,3,"""Olsson, Mr. Oscar Wilhelm""",male,32.0,0,0,"""347079""",7.775,"""""",S
536,0,2,"""Fortune, Miss. Mabel Helen""",female,23,3,2,"""19950""",263.0,C23 C25 C27,S
72,0,3,"""Hood, Mr. Ambrose Jr""",male,21.0,0,0,SOTON/OQ 3101317,7.45,NaN,S
346,1,2,"""Brown, Miss. Amelia""",female,24.0,0,0,248733,13.0,F33,S
523,0,3,"""Anderson, Mr. Harry""",male,24,0,0,"""A/5 21173""",7.25,"""""",S
267,0,3,"""Persson, Mr. Ernst Ulrik""",male,25.0,1,0,"""347083""",7.775,NaN,S
320,1,3,"""Ms. Jane Smith""",female,22,0,0,371060,7.75,"""""",Q
139,0,3,"""Osen, Mr. Olaf Elon""",male,16.0,0,0,"""7534""",9.2167,"""""","""S"""
324,1,2,"""Harper, Miss. Annie Jessie""",female,6.0,0,1,248727,33.0,"""""",S
564,0,3,"""Simmons, Mr. John""",male,24,0,0,A/4 39886,8.05,NaN,S
243,0,2,"""Jones, Mr. Charles Cresson""",male,30,0,0,"""239865""",10.5,"""""",S
237,0,2,"""Hold, Mr. Stephen""",male,44.0,1,0,26707,26.0,NaN,S
224,0,3,"""Nenkoff, Mr. Christo""",male,22,0,0,"""349234""",7.8958,"""""",S
245,0,3,"""Gustafsson, Mr. Anders Vilhelm""",male,37,2,0,3101276,7.925,NaN,S
245,0,2,"""Attalah, Mr. Sleiman""",male,30,0,0,"""2694""",7.225,"""""",C
431,1,1,"""Björnström-Steffansson, Mr. Mauritz Hakan""",male,28.0,0,0,110564,26.55,C52,S
129,1,3,"""Peter, Miss. Anna""",female,21.0,1,1,"""349243""",16.7,"""""","""S"""
418,0,2,"""Matthews, Mr. William John""",male,30.0,0,0,"""28228""",13.0,NaN,S
539,0,3,"""Svensson, Mr. Johan""",male,28.0,0,0,347743,7.8542,"""""",S
329,1,2,"""Ball, Mrs. (Ada E Hall)""",female,36.0,0,0,"""28551""",13.0,D,S
342,1,2,"""Collander, Miss. Marjorie""",female,25.0,0,0,"""250647""",13.0,"""""",S
246,0,3,"""Lindahl, Miss. Agda Thorilda Viktoria""",female,25.0,0,0,347071,7.775,None,S
108,1,3,"""Moss, Mr. Albert Johan""",male,29.0,0,0,312991,7.775,"""""",S
673,0,2,"""Mitchell, Mr. Henry Michael""",male,70.0,0,0,"""C.A. 24580""",10.5,"""""",S
231,1,3,"""Johnson, Miss. Eleanor Ileen""",female,1.0,1,1,347742,11.1333,"""""",S
524,0,3,"""Johnson, Mr. Oscar W.""",male,32.0,0,0,"""370160""",8.05,"""""",S
317,1,2,"""Kantor, Mrs. Sinai (Miriam Sternin)""",female,24.0,1,0,244367,26.0,,S
123,0,3,"""Andersson, Mr. Johan Samuel""",male,26,0,0,"""347075""",7.775,"""""",S
562,0,3,"""Boulos, Mr. Hanna""",male,28.0,0,0,"""2664""",7.2292,"""""",C
325,0,3,"""Sage, Mr. George John Jr""",male,NaN,8,2,"""CA. 2343""",69.55,NaN,S
368,1,3,"""McGovern, Miss. Mary""",female,22,0,0,330931,7.8792,"""""",Q
215,1,3,"""Newell, Miss. Madeleine""",female,31.0,1,0,"""4133""",7.7333,None,Q
327,0,3,"""Nysveen, Mr. Johan Hansen""",male,61,0,0,"""345364""",6.2375,"""""",S
329,0,2,"""Ball, Mrs. Ada E. Hall""",female,36.0,0,0,"""28551""",13.0,D,S
287,1,3,"""de Mulder, Mr. Theodore""",male,30.0,0,0,"""345774""",9.5,"""""",S
446,1,2,"""Mellinger, Miss. Madeleine Violet""",female,13,0,1,"""250644""",19.5,"""""","""S"""
291,1,1,"""Bishop, Mrs. Dickinson H (Helen Walton)""",female,19,1,0,11967,91.0792,B49,C
327,1,2,"""Ball, Mrs. (Ada E Hall)""",female,36.0,0,0,28551,13.0,D,S
257,1,1,"""Cherry, Miss. Gladys""",female,30.0,0,0,"""110152""",86.5,B77,S
214,0,3,"""Skoog, Mr. Wilhelm""",male,40.0,1,4,"""347088""",27.9,"""""",S
425,0,3,"""Rosblom, Mr. Viktor Richard""",male,18.0,1,1,"""370129""",20.2125,"""""",S
243,1,2,"""Collyer, Mrs. Harvey (Charlotte Annie Tate)""",female,31,1,1,"""C.A. 31921""",26.25,"""""",S
13,0,3,"Saundercock, Mr. William Henry",male,20,0,0,A/5. 2151,8.05,NaN,S
463,0,1,"""Gee, Mr. Arthur H""",male,47,0,0,111320,38.5,E63,S
251,0,3,"""Strom, Mrs. Wilhelm (Elna Matilda Persson)""",female,29.0,1,1,347054,10.4625,G6,S
316,1,2,"""Kantor, Mrs. Sinai (Miriam Sternin)""",female,24.0,1,0,"""244367""",26.0,"""""","""S"""
567,0,3,"""Stoytcheff, Mr. Ilia""",male,19,0,0,"""349205""",7.8958,"""""",S
427,1,2,"""Clarke, Mrs. Charles V (Ada Maria Winfield)""",female,28.0,1,0,2003,26.0,C123,S
246,0,3,"""Lindahl, Miss. Agda Thorilda Viktoria""",female,25,0,0,347071,7.775,NaN,S
103,0,3,"""Johansson, Mr. Erik""",male,22,0,0,"""350052""",7.7958,"""""",S
342,1,2,"""Collander, Miss. Alma Cornelia""",female,28.0,0,0,"""248733""",13.0,"""""",S
236,0,3,"""Smith, Mr. John""",male,25,0,0,349223,7.8958,"""""",S
342,1,2,"""Collander, Miss. Alma Cornelia""",female,28.0,0,0,248733,13.0,F33,S
431,1,1,"""Bjornstrom-Steffansson, Mr. Mauritz Hakan""",male,28,0,0,110564,26.55,C52,S
372,0,3,"""Wiklund, Mr. Jakob Alfred""",male,18.0,1,0,3101267,6.4958,"""""",S
329,1,2,"""Ball, Mrs. (Ada E Hall)""",female,36.0,0,0,28551,13.0,D,S
391,1,1,"""Carter, Mr. William Ernest""",male,36.0,1,2,113760,120.0,B96 B98,S
89,1,2,"""Celotti, Mr. Francesco""",male,24.0,0,0,"""34395""",12.5,"""""","""S"""
334,0,3,"""Vander Planke, Mr. Leo Edmondus""",male,16.0,2,0,"""345764""",18.0,"""""","""S"""
337,1,2,"""Burns, Miss. Elizabeth Margaret""",female,41.0,0,0,248744,13.0,"""""",S
172,0,3,"""Johnson, Miss. Eleanor Ileen""",female,1,1,1,347742,11.1333,NaN,S
258,1,1,"""Cherry, Miss. Gladys""",female,30.0,0,0,"""110152""",86.5,B77,S
178,0,3,"""Lefebre, Miss. Mathilde""",female,NaN,3,1,"""4133""",25.4667,NaN,S
442,0,3,"""Mr. Victor Vande Walle""",male,23,0,0,"""345765""",9.0,"""""",S
183,0,3,"""Asplund, Mr. Johan Charles""",male,23,0,0,"""350054""",7.7958,NaN,S
231,1,3,"""Smith, Miss. Mary""",female,22.0,1,0,"""347080""",14.4542,NaN,S
435,0,3,"""Kallio, Mr. Nikolai Erland""",male,17.0,0,0,"""STON/O 2. 3101294""",7.125,"""""",S
524,1,1,"""Hippach, Miss. Jean Gertrude""",female,16,0,1,111361,57.9792,B18,C
205,1,3,"""Cohen, Mr. Gurshon 'Gus'""",male,18,0,0,"""A/5 3540""",8.05,"""""",S
196,1,3,"""Lurette, Miss. Elise""",female,58.0,0,0,"""PP 9549""",7.225,B42,C
564,0,3,"""Simmons, Mr. John""",male,39,0,0,A/5 21172,7.25,NaN,S
183,0,3,"""Asim, Mr. Adola""",male,35,0,0,"""SOTON/O.Q. 3101310""",7.05,"""""",S
245,0,3,"""Attalah, Mr. Sleiman""",male,30.0,0,0,"""2694""",7.225,"""""",C
53,1,1,"""Harper, Mrs. Henry Sleeper (Myna Haxtun)""",female,49.0,1,0,PC 17572,76.7292,D33,C
422,0,3,"""Charters, Mr. David""",male,21.0,0,0,A/5. 13032,7.7333,NaN,Q
346,1,2,"""Brown, Miss. Amelia 'Mildred'""",female,24,0,0,"""248733""",13.0,F33,S
328,1,2,"""Ball, Mrs. Ada E. Hall""",female,36,0,0,"""28551""",13.0,D,S
104,0,3,"""Johansson, Mr. Gustaf Joel""",male,33,0,0,"""7540""",8.6542,"""""","""S"""
465,0,3,"""Goncalves, Mr. Manuel Estanslas""",male,38,0,0,SOTON/O.Q. 3101306,7.05,NaN,S
335,0,3,"""Mr. William Henry Tornquist""",male,25,0,0,"""LINE""",0.0,"""""",S
322,0,3,"""Danoff, Mr. Yoto""",male,27.0,0,0,"""349219""",7.8958,"""""",S
346,1,2,"'Brown, Miss. Amelia'",'female',24.0,0,0,'248733',13.0,'','S'
243,1,2,"""Collyer, Mrs. Harvey (Charlotte Annie Tate)""",female,31,1,1,"""C.A. 31921""",26.25,"""""",S
328,1,2,"""Ball, Mrs. (Ada E Hall)""",female,36.0,0,0,"""28551""",13.0,D,S
512,0,3,"""Smith, Mr. John""",male,24,0,0,A/5 21171,7.25,NaN,S
328,1,2,"""Ball, Mrs. (Ada E Hall)""",female,36,0,0,"""28551""",13.0,D,S
253,0,3,"""Lobb, Mr. William Arthur""",male,30.0,1,0,"""A/5. 3336""",16.1,"""""",S
244,0,3,"""Sawyer, Mr. Frederick Charles""",male,24.5,0,0,"""330932""",7.8542,"""""",S
342,1,2,"""Collander, Mr. Erik Gustaf""",male,28.0,0,0,248740,13.0,NaN,S
102,0,3,"""Petroff, Mr. Pastcho""",male,29,0,0,"""349215""",7.8958,"""""",S
342,1,2,"""Collander, Miss. Alma Cornelia""",female,28,0,0,"""248740""",13.0,"""""",S
364,0,3,"""Asim, Mr. Adola""",male,35,0,0,SOTON/O.Q. 3101310,7.05,"""""",S
389,0,3,"""O'Brien, Mr. Timothy""",male,21.0,0,0,330932,7.8292,"""""",Q
371,1,3,"""McCoy, Miss. Agnes""",female,28.0,2,0,367226,23.25,"""""",Q
352,0,3,"'Odahl, Mr. Nils Martin'",'male',23,0,0,'7267',9.225,'','S'
324,1,2,"""Harper, Miss. Annie Jessie""",female,6,0,1,248727,33.0,"""""",S
305,1,3,"""Williams, Mr. Charles Eugene""",male,NaN,0,0,"""376566""",16.1,NaN,S
315,0,2,"""Lahtinen, Mrs. William (Anna Sylfven)""",female,26,1,1,250651,26.0,"""""",S
517,1,2,"""Lemore, Mrs. (Amelia Milley)""",female,34,0,0,34218,10.5,F33,S
428,0,3,"""Dooley, Mr. Patrick""",male,32.0,0,0,"""370376""",7.75,"""""",Q
346,1,2,"""Brown, Miss. Amelia""",female,24,0,0,"""248733""",13,"""""","""S"""
24,1,1,"""Sloper, Mr. William Thompson""",male,28.0,0,0,113788,35.5,A6,S
124,1,2,"""Webber, Miss. Susan""",female,32.5,0,0,"""27267""",13.0,"""E101""",S
316,1,2,"""Kantor, Mrs. Sinai (Miriam Sternin)""",female,24,1,0,244367,26.0,"""""",S
321,0,3,"""Dennis, Mr. Samuel""",male,22.0,0,0,A/5 21172,7.25,NaN,S
354,0,3,"""Yousif, Mr. Wazli""",male,23.0,0,0,"""2647""",7.2250,NaN,C
389,0,3,"""Miss. Augusta Maria Vander Planke""",female,18,2,0,"""345764""",18.0,"""""",S
145,0,2,"""Andrew, Mr. Edgardo Samuel""",male,18,0,0,"""231945""",11.50,"""""",S
318,1,2,"""Morley, Miss. Gertrude""",female,27.0,0,0,"""250655""",26.0,"""""",S
306,0,3,"""Drazenoic, Mr. Jozef""",male,33.0,0,0,"""349240""",7.8958,NaN,C
289,1,2,"""Hosono, Mr. Masabumi""",male,42.0,0,0,"""237798""",13.0,"""""",S
234,0,2,"""Leyson, Mr. Robert William Norman""",male,24.0,0,0,C.A. 29566,10.5,"""""",S
47,0,3,"""Lennon, Mr. Denis""",male,20.0,1,0,"""370371""",7.75,"""""",Q
264,0,1,"""Harrison, Mr. William""",male,40,0,0,"""112059""",0,B94,S
573,1,1,"""Flynn, Mr. John Irwin (""Irving"")""",male,36.0,0,0,PC 17474,26.3875,E25,S
274,0,1,"""Meyer, Mr. Edgar Joseph""",male,28.0,0,0,"""PC 17604""",82.1708,NaN,C
329,1,2,"""Ball, Mrs. (Ada E Hall)""",female,36,0,0,28551,13.0,D,S
372,0,3,"""Wiklund, Mr. Jakob Alfred""",male,18,1,0,"""3101267""",6.4958,"""""",S
436,1,1,"""Carter, Miss. Lucile Polk""",female,14.0,1,2,113760,120.0,B96 B98,S
243,0,3,"""Mr. Robert J Knight""",male,21,0,0,A/5 21175,7.25,NaN,S
101,0,3,"""Petranec, Miss. Matilda""",female,28.0,0,0,"""349245""",7.8958,"""""",S
524,1,1,"""Fortune, Miss. Alice Elizabeth""",female,24.0,0,2,19950,263.0,C23 C25 C27,S
384,0,3,"""Johnston, Miss. Catherine Helen""",female,NaN,1,2,W./C. 6607,23.45,NaN,S
248,1,2,"""Hamalainen, Mrs. William (Anna)""",female,24,0,2,250649,14.5,"""""",S
267,0,3,"""Panula, Mr. Ernesti Arvid""",male,16,4,1,"""3101295""",39.6875,"""""",S
512,0,3,"""Smith, Mr. John""",male,29,0,0,"""A/5 21171""",7.25,"""""",S
315,0,2,"""Hart, Miss. Eva Miriam""",female,7,0,2,"""F.C.C. 13529""",26.25,"""""",S
248,1,2,"""Hamalainen, Mrs. William (Anna)""",female,24.0,0,2,250649,14.5,"""""",S
439,0,2,"""Kvillner, Mr. Johan Henrik Johannesson""",male,31.0,0,0,C.A. 18723,10.5,"""""",S
47,1,3,"""Baclini, Miss. Helene Barbara""",female,0.75,2,1,"""2666""",19.2583,"""""","""C"""
59,0,3,"""Novel, Mr. Mansouer""",male,28.5,0,0,"""2697""",7.2292,"""""",C
201,0,3,"""Vande Walle, Mr. Nestor Cyriel""",male,28.0,0,0,"""345770""",9.5,"""""",S
382,1,3,"""Nakid, Miss. Maria ('Mary')""",female,1.0,0,2,2653,15.7417,None,C
327,1,3,"""Niskanen, Mr. Juha""",male,39,0,0,STON/O 2. 3101284,7.925,NaN,S
321,0,3,"""Dennis, Mr. Samuel""",male,22.0,0,0,A/5 21172,7.25,"""""",S
232,0,3,"""Nelson, Mr. Johan Werner""",male,61.0,0,0,"""347060""",7.775,"""""",S
573,1,3,"""Kelly, Miss. Mary""",female,22.0,0,0,"""14311""",7.75,"""""",Q
259,1,1,"""Ward, Miss. Anna""",female,35,0,0,"""PC 17755""",512.3292,B28,C
437,0,3,"""Ford, Mr. William Neal""",male,16.0,1,3,"""W./C. 6608""",34.375,NA,S
347,1,2,"""Smith, Miss. Marion Elsie""",female,40.0,0,0,31418,13.0,"""""",S
392,0,3,"""Gustafsson, Mr. Johan Birger""",male,28.0,2,0,3101277,7.925,NaN,S
342,1,2,"""Collander, Mr. Erik Gustaf""",male,28.0,0,0,"""248740""",13.0,"""""","""S"""
104,0,3,"""Johansson, Mr. Gustaf Joel""",male,33,0,0,7540,8.6542,"""""",S
389,0,3,"""Miss. Augusta Maria Vander Planke""",female,18.0,2,0,"""345764""",18.0,"""""",S
348,1,3,"""Davison, Mrs. Thomas Henry (Mary E Finck)""",female,34,1,0,386525,16.1,null,S
183,0,3,"""Williams, Mr. Charles Eugene""",male,23.0,0,0,"""244373""",13.0,"""""",S
381,1,3,"""Nakid, Miss. Maria ('Mary')""",female,1.0,0,2,2653,15.7417,"""""",C
201,0,3,"""Vander Planke, Mr. Leo Edmondus""",male,16.0,2,0,"""345764""",18.0,"""""",S
413,0,3,"""Pettersson, Miss. Ellen Natalia""",female,18,0,0,"""347087""",7.775,"""""",S
231,1,3,"""Smith, Miss. Anna""",female,22.0,0,0,"""330919""",7.8542,"""""",S
587,1,2,"""Frolicher-Stehli, Mr. Maxmillian""",male,32.0,1,0,"""13567""",26.3875,E101,S
183,0,3,"""Asplund, Master. Clarence Gustaf Hugo""",male,9,4,2,"""347077""",31.3875,"""""",S
345,1,2,"""Brown, Miss. Amelia""",female,24.0,0,0,"""248733""",13.0,F33,S
584,0,3,"""Paulner, Mr. Uscher""",male,16.0,0,0,"""3411""",8.7125,"""""",C
278,1,1,"""Lurette, Miss. Elise""",female,58.0,0,0,PC 17569,146.5208,B80,C
267,0,3,"""Persson, Mr. Ernst Ulrik""",male,25,1,0,"""347083""",7.775,NaN,S
164,0,3,"""Cribb, Mr. John Hatfield""",male,44,0,1,"""371362""",16.1,"""""",S
583,0,3,"""Davies, Mr. Alfred J""",male,24,2,0,"""A/5. 2151""",8.05,NaN,S
138,0,1,"""Futrelle, Mr. Jacques Heath""",male,37.0,1,0,PC 17599,53.1,C123,S
482,0,2,"""Frost, Mr. Anthony Wood""",male,NaN,0,0,239854,0.0,NaN,S
147,1,3,"""Andersson, Mr. August Edvard""",male,27,0,0,"""350043""",7.7958,"""""",S
531,1,2,"""Quick, Miss. Phyllis May""",female,2.0,1,1,26360,26.0,"""""",S
201,0,3,"""Vande Walle, Mr. Nestor Cyriel""",male,28.0,0,0,"""345770""",9.50,"""""","""S"""
573,1,1,"""Potter, Mrs. Thomas Jr (Lily Alexenia Wilson)""",female,56.0,0,0,11767,83.1583,C101,C
179,0,2,"""Leonard, Mr. Lionel""",male,36.0,0,0,23534,10.5,B94,S
573,1,1,"""Flynn, Mr. John Irwin""",male,36.0,0,0,PC 17474,26.3875,E25,S
231,1,3,"""Smith, Miss. Emily""",female,18.0,0,0,349214,7.8958,NaN,S
372,0,3,"""Wiklund, Mr. Jakob Alfred""",male,18,1,0,"""3101267""",6.4958,"""""",S
23,1,3,"""McGowan, Miss. Anna 'Annie'""",female,15.0,0,0,330923,8.0292,null,Q
327,0,3,"""Nysveen, Mr. Johan Hansen""",male,61.0,0,0,345364,6.2375,None,S
527,0,3,"""Farrell, Mr. James""",male,40.5,0,0,"""367232""",7.75,"""""",Q
484,1,3,"""Turkula, Mrs. (Hedwig)""",female,63,0,0,4134,9.5875,NaN,S
102,0,3,"""Petroff, Mr. Pastcho ('Pentcho')""",male,NaN,0,0,349215,7.8958,NaN,S
246,0,3,"""Lindahl, Miss. Agda Thorilda Viktoria""",female,25.0,0,0,"""347071""",7.775,"""""",S
372,0,3,"""Wiklund, Mr. Karl Johan""",male,21.0,1,0,"""3101266""",6.4958,"""""",S
312,1,2,"""Ryerson, Miss. Emily Borie""",female,18,2,1,"""PC 17608""",262.375,B57 B59 B63 B66,C
347,1,2,"Smith, John",male,29,0,0,248698,13.0,D56,S
349,1,3,"""Coutts, Master. William Loch 'William'""",male,3,1,1,C.A. 37671,15.9,null,S
508,0,3,"""Olsen, Mr. Henry Margido""",male,28.0,0,0,"""C 4001""",22.525,"""""","""S"""
338,1,2,"""Burns, Miss. Elizabeth Margaret""",female,41,0,0,248733,13.0,F33,S
372,1,3,"""Miss. Mary Connolly""",female,22,0,0,330972,7.75,NaN,Q
321,0,3,"""Dennis, Mr. Samuel""",male,22.0,0,0,"""A/5 21172""",7.25,"""""",S
241,0,3,"""Zabour, Miss. Thamine""",female,19.0,1,0,"""2665""",14.4542,"""""",C
547,0,2,"""Beane, Mr. Edward""",male,32.0,1,0,2908,26.0,"""""",S
435,0,3,"""Ford, Miss. Doolina Margaret""",female,21.0,2,2,"""W./C. 6608""",34.375,"""""",S
327,1,2,"""Ball, Mrs. (Ada E Hall)""",female,36,0,0,28551,13.0,D,S
375,0,3,"""Ford, Mr. William Neal""",male,16.0,1,3,"""W./C. 6608""",34.375,NaN,S
187,1,3,"""O'Brien, Mrs. Thomas (Johanna 'Hannah' Godfrey)""",female,26,1,0,370365,15.5,NaN,Q
346,1,2,"""Smith, Miss. Marion""",female,24,0,0,243847,13.0,NaN,S
245,0,3,"""Gustafsson, Mr. Johan Birger""",male,28.0,2,0,"""3101277""",7.925,"""""",S
379,0,3,"""Betros, Mr. Tannous""",male,20.0,0,0,2648,4.0125,NaN,C
125,0,3,"""Nicola-Yarred, Master. Elias""",male,12,1,0,2651,11.2417,"""""",C
372,0,3,"""Wiklund, Mr. Jakob Alfred""",male,18,1,0,3101267,6.4958,"""""",S
748,0,3,"""Johnson, Mr. William Cahoone Jr""",male,19,0,0,"""LINE""",0,"""""",S
534,0,3,"""Sage, Mr. George John Jr""",male,NaN,8,2,"""CA. 2343""",69.55,NaN,S
89,1,1,"""Fortune, Miss. Mabel Helen""",female,23,3,2,19950,263.0000,C23 C25 C27,S
530,0,3,"""Olson, Mr. Oscar Wilhelm""",male,32.0,0,0,"""347054""",8.6625,"""""","""S"""
431,1,1,"""Bjornstrom-Steffansson, Mr. Mauritz Hakan""",male,28.0,0,0,110564,26.55,C52,S
254,0,2,"""Yrois, Miss. Henriette (Hurette)""",female,24,0,0,"""248747""",13.0,"""""",S
172,0,3,"""Johnson, Miss. Eleanor Ileen""",female,1.0,1,1,347742,11.1333,None,S
314,0,3,"""Hendekovic, Mr. Ignjac""",male,28.0,0,0,"""349243""",7.8958,"""""",S
64,0,3,"""Skoog, Master. Harald""",male,4.0,3,2,347088,27.9,"""""",S
92,0,3,"""Davies, Mr. Alfred J""",male,24,2,0,A/4 48873,8.05,null,S
329,1,2,"""Ball, Mrs. (Ada E Hall)""",female,36.0,0,0,28551,13.0,D,S
231,1,3,"""Jansson, Mr. Carl Olof""",male,21,0,0,350034,7.7958,NaN,S
345,0,3,"""Smith, Mr. John""",male,28.0,0,0,349212,7.8958,"""""",S
312,1,1,"""Ryerson, Miss. Emily Borie""",female,18,2,2,"""PC 17608""",262.375,B57 B59 B63 B66,C
27,0,3,"""Emir, Mr. Farred Chehab""",male,26.0,0,0,2631,7.225,NaN,C
393,0,3,"""Gustafsson, Mr. Johan Birger""",male,28.0,2,0,"""3101277""",7.925,"""""",S
483,0,3,"""Turkula, Mrs. (Hedwig)""",female,63.0,0,0,4134,9.5875,NaN,S
126,1,3,"""Nicola-Yarred, Master. Elias""",male,12.0,1,0,"""2651""",11.2417,"""""",C
326,1,1,"""Young, Miss. Marie Grice""",female,36.0,0,0,PC 17760,135.6333,C32,C
392,1,3,"""Niklasson, Mr. Samuel""",male,28.0,0,0,"""347465""",7.8542,"""""",S
361,0,3,"""Yousseff, Mr. Gerious""",male,26,0,0,"""2627""",14.4583,"""""","""C"""
358,0,2,"""Sobey, Mr. Samuel James Hayden""",male,25.0,0,0,"""C.A. 29178""",13.0,"""""",S
463,0,1,"""Gee, Mr. Arthur H""",male,47,0,0,111320,38.5,E63,S
123,0,3,"""Andersson, Mr. Johan Samuel""",male,26,0,0,"""347075""",7.775,"""""",S
351,0,3,"""Odahl, Mr. Nils Martin""",male,23,0,0,"""7267""",9.225,"""""",S
243,1,2,"""Collyer, Mrs. Harvey (Charlotte Annie Tate)""",female,31,1,1,C.A. 31921,26.25,,S
384,0,2,"""Hickman, Mr. Stanley George""",male,21.0,2,0,"""S.O.C. 14879""",73.5,NaN,S
245,0,3,"""Gustafsson, Mr. Karl Gideon""",male,19,0,0,347069,7.775,NaN,S
329,1,2,"""Slayter, Miss. Hilda Mary""",female,30.0,0,0,"""234818""",12.35,"""""",Q
587,1,2,"""Wells, Miss. Joan""",female,4,1,1,29103,23.0,NaN,S
356,0,3,"""Vanden Steen, Mr. Leo Peter""",male,28.0,0,0,345783,9.5000,"""""",S
305,0,3,"""Williams, Mr. Howard Hugh""",male,28.0,0,0,A/5 2466,8.05,"""""",S
259,1,2,"""Parrish, Mrs. (Lutie Davis)""",female,50,0,1,230433,26.0,NaN,S
446,1,1,"'Dodge, Master. Washington'",'male',4,0,2,'33638',81.8583,'A34','S'
351,0,3,"""Odahl, Mr. Nils Martin""",male,23,0,0,"""7267""",9.2250,"""""",S
331,1,1,"""Bowerman, Miss. Elsie Edith""",female,22.0,0,1,"""113505""",55.0,"""E33""","""S"""
523,0,3,"""Johnson, Mr. William Cahoone Jr""",male,19,0,0,"""LINE""",0,"""""",S
523,1,1,"""Hippach, Mrs. Louis Albert (Ida Sophia Fischer)""",female,44,0,1,111361,57.9792,B18,C
321,0,3,"""Dennis, Mr. Samuel""",male,22.0,0,0,A/5 21172,7.25,None,S
173,0,3,"""Andersson, Mr. Johan Samuel""",male,26,0,0,"""347080""",7.775,"""""","""S"""
438,1,2,"""Richards, Mrs. Sidney (Emily Hocking)""",female,24,2,3,29106,18.75,NaN,S
758,0,3,"""Carlsson, Mr. August Sigfrid""",male,28.0,0,0,"""350042""",7.7958,NaN,S
267,0,3,"""Panula, Mr. Ernesti Arvid""",male,16,4,1,"""3101295""",39.6875,"""""",S
715,0,2,"Greenberg, Mr. Samuel",male,52,0,0,250647,13.0,NaN,S
248,1,2,"""Hamalainen, Mrs. William (Anna)""",female,24,0,2,250649,14.5,"""""",S
332,0,1,"""Partner, Mr. Austen""",male,45.5,0,0,"""113043""",28.5,C124,S
891,0,3,"""Dooley, Mr. Patrick""",male,32.0,0,0,"""370376""",7.75,"""""",Q
732,0,3,"""Hassan, Mr. Houssein G N""",male,24.0,0,0,"""2695""",7.2292,"""""",C
178,0,1,"""Isham, Miss. Ann Elizabeth""",female,50,0,0,"""PC 17595""",28.7125,C49,C
315,1,2,"'Hart, Miss. Eva Miriam'",'female',7.0,0,2,'F.C.C. 13529',26.25,'','S'
241,0,3,"""Zabour, Miss. Thamine""",female,NaN,1,0,2665,14.4542,NaN,C
43,0,3,"Kraeff, Mr. Theodor",male,NaN,0,0,349253,7.8958,NaN,C
528,0,3,"""Farthing, Mr. John""",male,NaN,0,0,"""PC 17483""",221.7792,C95,S
309,0,2,"""Abelson, Mr. Samuel""",male,30,1,0,"""P/PP 3381""",24.0,"""""","""C"""
352,0,3,"""Odahl, Mr. Nils Martin""",male,23,0,0,"""7267""",9.225,"""""",S
42,1,2,"""Fahlstrom, Mrs. Arvid (Anna)""",female,38,1,0,236853,26.0,"""""",S
475,0,3,"""Strandberg, Miss. Ida Sofia""",female,22.0,0,0,7553,9.8375,NaN,S
347,0,2,"""Givard, Mr. Hans Kristensen""",male,30.0,0,0,250646,13.0,,S
231,1,3,"""Smith, Miss. Amelia""",female,23.0,0,0,"""347089""",7.775,"""""",S
396,0,3,"""Ford, Miss. Robina Maggie""",female,9.0,2,2,W./C. 6608,34.375,NaN,S
276,1,1,"Andrews, Miss. Kornelia Theodosia",female,63.0,1,0,13502,77.9583,D7,S
256,1,3,"""Staneff, Mr. Ivan""",male,23,0,0,"""349225""",7.8958,"""""",S
398,0,2,"""McKane, Mr. Peter David""",male,46,0,0,"""28403""",26.0,NaN,S
873,0,1,"""Carlsson, Mr. Frans Olof""",male,33.0,0,0,"""695""",5.0,B51 B53 B55,S
756,0,3,"""Carlsson, Mr. August Sigfrid""",male,28.0,0,0,350042,7.7958,"""""",S
243,0,2,"""Coleridge, Mr. Reginald Charles""",male,29.0,0,0,W./C. 14263,10.5,,S
534,0,3,"Skoog, Hjalmar",male,34.0,1,1,347088,27.9,NaN,S
264,0,1,"""Smith, Mr. John""",male,45.0,0,0,PC 17596,78.85,C93,S
648,0,2,"""Wilkinson, Mr. Frederick""",male,57,0,0,"""W.E.P. 5734""",10.5,E34,S
374,0,3,"""Mr. Karl Ivar Sven Berglund""",male,22,0,0,350042,7.7958,"""""",S
102,0,3,"""Petroff, Mr. Pastcho ('Pentcho')""",male,29,0,0,349215,7.8958,None,S
312,1,2,"""Ryerson, Miss. Emily Borie""",female,18,2,1,PC 17608,262.375,B57 B59 B63 B66,C
359,1,3,"""McGovern, Miss. Mary""",female,22.0,0,0,"""330931""",7.8792,"""""",Q
314,0,3,"""Hendekovic, Mr. Ignjac""",male,28.0,0,0,"""349243""",7.8958,"""""",S
248,1,2,"""Hamalainen, Mrs. William (Anna)""",female,24.0,0,2,250649,14.5,NaN,S
235,0,3,"""Smith, Mr. John""",male,24,0,0,"""A/5 21171""",7.25,"""""",S
342,1,2,"""Collander, Mr. Erik Gustaf""",male,28.0,0,0,"""248740""",13.0,"""""",S
313,0,2,"""Lahtinen, Mrs. William (Anna Sylfven)""",female,26,1,1,250651,26.0,NaN,S
305,0,3,"""Williams, Mr. Howard Hugh""",male,28.0,0,0,A/5 2466,8.0500,NaN,S
246,0,3,"""Lindahl, Miss. Agda Thorilda Viktoria""",female,25.0,0,0,347071,7.775,"""""",S
37,1,3,"""Mamee, Mr. Hanna""",male,18,0,0,"""2677""",7.2292,"""""",C
378,0,3,"""Betros, Mr. Tannous""",male,20,0,0,"""2648""",4.0125,"""""","""C"""
523,0,3,"""Johnson, Mr. Alfred""",male,29,0,0,"""347464""",7.925,"""""",S
248,1,2,"""Hamalainen, Mrs. William (Anna)""",female,24,0,2,250649,14.5,"""""",S
328,1,2,"""Ball, Mrs. (Ada E. Hall)""",female,36.0,0,0,28551,13.0,D,S
523,1,3,"""Webber, Miss. Susan""",female,32.5,0,0,27267,7.75,NaN,Q
314,0,3,"""Caram, Mr. Joseph""",male,28.0,1,0,"""2689""",14.4583,"""""","""C"""
562,0,3,"""Sivic, Mr. Husein""",male,40,0,0,349251,7.8958,"""""",S
517,1,2,"""Lemore, Mrs. (Amelia Milley)""",female,34.0,0,0,C.A. 34260,10.5,F33,S
293,0,2,"""Levy, Mr. Rene Jacques""",male,36.0,0,0,"""SC/Paris 2163""",12.875,D,C
485,1,3,"""Turkish, Mrs. Fatima""",female,22.0,0,0,2663,7.2292,"""""",C
349,0,3,"""Coutts, Mr. William""",male,21.0,0,0,A/4 48871,8.0500,NaN,S
142,1,3,"""Nysten, Miss. Anna Sofia""",female,22,0,0,347081,7.75,"""""",S
347,1,2,"""Davies, Master. John Morgan Jr""",male,8,1,1,"""C.A. 33112""",36.75,F33,S
329,1,2,"""Ball, Mrs. (Ada E Hall)""",female,36.0,0,0,28551,13.0,D,S
204,0,3,"""Youseff, Mr. Gerious""",male,45.5,0,0,2628,7.225,NaN,C
301,1,3,"""Kelly, Miss. Anna Katherine""",female,20.0,0,0,"""2657""",7.2292,"""""",C
246,0,1,"""Minahan, Dr. William Edward""",male,44,2,0,19928,90.0,C78,S
398,0,2,"""McKane, Mr. Peter David""",male,46.0,0,0,"""28403""",26.0,"""""","""S"""
311,1,1,"""Hays, Miss. Margaret Bechstein""",female,24.0,0,0,11767,83.1583,C54,C
38,0,3,"""Cann, Mr. Ernest Charles""",male,21.0,0,0,"""A./5. 2152""",8.05,"""""",S
469,0,3,"""Scanlan, Mr. James""",male,22,0,0,36209,7.725,"""""",Q
134,0,3,"""Smith, Mr. John""",male,28.0,0,0,"""STON/O 2. 3101294""",7.925,"""""",S
72,0,3,"""Goodwin, Miss. Lillian Amy""",female,16,5,2,"""CA 2144""",46.9,"""""",S
45,0,3,"""Rogers, Mr. William John""",male,30,0,0,S.C./A.4. 23567,8.05,NaN,S
370,1,1,"Aubart, Mme. Leontine Pauline",female,24,0,0,PC 17477,69.3,B35,C
295,0,3,"""Mineff, Mr. Ivan""",male,24.0,0,0,349233,7.8958,"""""",S
346,1,2,"Smith, John",male,40.0,0,0,248740,13.0,,S
254,0,3,"""Lobb, Mr. William Arthur""",male,30.0,1,0,"""A/5. 3336""",16.1,"""""",S
382,1,3,"""Nakid, Miss. Maria""",female,1.0,0,2,2653,15.7417,"""""",C
263,0,1,"Taussig, Mr. Emil",male,52.0,1,1,110413,79.65,E67,S
324,1,2,"""Caldwell, Mrs. Albert Francis (Sylvia Mae Harbaugh)""",female,22.0,1,1,248738,29.0,NaN,S
128,1,3,"""Madsen, Mr. Fridtjof Arne""",male,24,0,0,"""C 17369""",7.1417,"""""",S
356,0,3,"""Vanden Steen, Mr. Leo Peter""",male,28.0,0,0,345783,9.5,"""""",S
581,1,2,"""Christy, Miss. Julie Rachel""",female,25,1,1,237789,30.0,NaN,S
126,0,3,"""McMahon, Mr. Martin""",male,19,0,0,"""370372""",7.75,NaN,Q
318,1,2,"""Morley, Miss. Bertha""",female,28.0,0,0,"""250655""",26.0,"""""",S
218,1,1,"""Bazzani, Miss. Albina""",female,32.0,0,0,"""11813""",76.2917,D15,C
178,0,1,"""Isham, Miss. Ann Elizabeth""",female,50,0,0,"""PC 17595""",28.7125,C49,C
431,1,3,"""Eriksson, Miss. Hilda Maria""",female,25,0,0,"""347071""",7.775,"""""",S
153,0,3,"""Meo, Mr. Alfonzo""",male,55.5,0,0,"""A.5. 11206""",8.05,"""""",S
346,1,2,"""Brown, Miss. Amelia""",female,24.0,0,0,"""248733""",13.0,"""""",S
126,1,3,"""Nicola-Yarred, Master. Elias""",male,12,1,0,2651,11.2417,"""""",C
102,0,3,"""Petroff, Mr. Pastcho""",male,29,0,0,349215,7.8958,"""""",S
352,0,3,"""Odahl, Mr. Nils Martin""",male,23.0,0,0,"""7267""",9.2250,"""""",S
404,0,3,"""Oreskovic, Miss. Marija""",female,20.0,0,0,"""315096""",8.6625,None,S
123,0,3,"""Smith, Mr. John""",male,24,0,0,A/5 2466,8.05,NaN,S
346,1,2,"""Brown, Miss. Amelia""",female,24.0,0,0,"""248733""",13.0,"""""","""S"""
382,1,3,"""Nakid, Miss. Maria (""Mary"")""",female,1.0,0,2,2653,15.7417,NaN,C
246,0,1,"""Minahan, Dr. William Edward""",male,44.0,2,0,"""19928""",90.0,C78,Q
485,0,3,"""Lefebre, Miss. Jeannie""",female,NaN,3,1,"""4133""",25.4667,NaN,S
329,1,2,"""Ball, Mrs. (Ada E Hall)""",female,36,0,0,"""28551""",13.0,D,S
426,1,3,"""Wiseman, Miss. Phyllis May""",female,24.0,0,0,"""A.5 185""",8.05,"""""",S
372,0,3,"""Wiklund, Mr. Jakob Alfred""",male,18,1,0,"""3101267""",6.4958,"""""",S
248,1,2,"""Hamalainen, Mrs. William (Anna)""",female,24.0,0,2,250649,14.5,,S
234,0,3,"""Andersson, Mr. Samuel""",male,39,1,5,"""347082""",31.275,"""""",S
157,1,3,"""Gilnagh, Miss. Katherine""",female,16,0,0,"""35851""",7.7333,"""""",Q
153,0,2,"""Meo, Mr. Alfonzo""",male,55.5,0,0,"""239853""",26.0,"""""","""S"""
148,0,3,"""Ford, Miss. Robina Maggie 'Ruby'""",female,9,2,2,W./C. 6608,34.375,NaN,S
248,0,2,"""Lindqvist, Mr. Eino William""",male,20.0,1,0,"""250652""",13.0,NaN,S
381,1,3,"""Nakid, Miss. Maria (Mary)""",female,1.0,0,2,2653,15.7417,None,C
153,0,3,"""Smith, Mr. John""",male,25,0,0,A/5 21171,7.25,"""""",S
250,0,2,"""Carter, Rev. Ernest Courtenay""",male,54.0,1,0,244252,26.0,"""""",S
214,0,3,"""Skoog, Mr. Wilhelm""",male,40.0,1,4,"""347088""",27.9,"""""",S
62,1,1,"""Icard, Miss. Amelie""",female,38.0,0,0,"""113572""",80.0,B28,S
276,1,1,"""Andrews, Miss. Kornelia Theodosia""",female,63,1,0,13502,77.9583,D7,S
231,1,3,"""Smith, Miss. Amelia""",female,26,0,0,347081,7.75,"""""",S
248,0,2,"""Lindqvist, Mr. Eino William""",male,20.0,1,0,"""234360""",13.0,"""""",S
342,1,2,"""Collander, Mr. Erik Gustaf""",male,28.0,0,0,248740,13.0,NaN,S
32,1,2,"""Spencer, Mrs. William Augustus (Marie Eugenie)""",female,48,1,0,PC 17569,146.5208,B78,C
324,1,2,"""Caldwell, Mrs. Albert Francis (Sylvia Mae Harbaugh)""",female,22,1,1,248738,29.0,"""""",S
398,0,2,"""McKane, Mr. Peter David""",male,46.0,0,0,"""28403""",26.0,"""""",S
352,0,1,"Williams-Lambert, Mr. Fletcher Fellows",male,43.0,0,0,113510,35.0,C128,S
321,0,3,"""Dennis, Mr. Samuel""",male,22.0,0,0,A/5 21172,7.25,NaN,S
84,0,3,"""Johnston, Mr. Andrew G""",male,NaN,0,0,W./C. 6607,23.45,NaN,S
23,1,3,"""McGowan, Miss. Anna""",female,15,0,0,"""330923""",8.0292,"""""",Q
537,0,1,"""Butt, Major. Archibald Willingham""",male,45,0,0,113050,26.55,B38,S
202,0,3,"""Sage, Mr. Frederick""",male,28.0,8,2,"""CA. 2343""",69.55,"""""",S
245,0,3,"""Gustafsson, Mr. Alfred Ossian""",male,20.0,0,0,"""347069""",7.775,"""""","""S"""
523,0,3,"""Lam, Mr. Ali""",male,38,0,0,"""1601""",56.4958,"""""",S
224,0,3,"""Nenkoff, Mr. Christo""",male,NaN,0,0,349234,7.8958,NaN,S
174,0,3,"""Sivola, Mr. Antti Wilhelm""",male,21.0,0,0,"""STON/O 2. 3101280""",7.925,"""""",S
450,1,3,"""Smith, Miss. Mary""",female,22,1,0,"""STON/O 2. 3101289""",7.925,"""""",S
231,1,1,"""Harris, Mrs. Henry Birkhardt (Irene Wallach)""",female,35.0,1,0,36973,83.475,C83,S
186,0,3,"""O'Brien, Mrs. Thomas (Johanna """"Hannah"""" Godfrey)""",female,26,1,0,370365,15.5,NaN,Q
124,1,2,"""Webber, Miss. Susan""",female,32.5,0,0,"""27267""",13.0,E101,S
327,0,3,"""Nysveen, Mr. Johan Hansen""",male,61,0,0,345364,6.2375,NaN,S
246,0,3,"""Lindell, Mr. Edvard Bengtsson""",male,36.0,1,0,349910,15.55,"""""",S
342,1,2,"""Collander, Mr. Erik Gustaf""",male,28.0,0,0,248740,13.0,"""""",S
372,0,3,"""Wiklund, Mr. Karl Johan""",male,21.0,1,0,"""3101266""",6.4958,"""""",S
382,1,3,"""Nakid, Miss. Maria (""""Mary"""")""",female,1.0,0,2,2653,15.7417,"""""",C
421,0,3,"""Gheorgheff, Mr. Stanio""",male,22.0,0,0,349254,7.8958,"""""",C
277,0,3,"""Lindblom, Miss. Augusta Charlotta""",female,45.0,0,0,"""347073""",7.75,"""""",S
512,1,3,"""Smith, Miss. Maria""",female,20,0,0,374910,8.05,"""""",S
547,0,2,Mr. James Webber,male,34,0,0,C.A. 33111,10.5,,S
569,0,3,"""Palsson, Mrs. Nils (Alma Cornelia Berglund)""",female,29,0,4,349909,21.075,NaN,S
342,1,2,"""Collander, Mr. Erik Gustaf""",male,28.0,0,0,"""248740""",13.0,"""""","""S"""
348,1,3,"""Davison, Mrs. Thomas Henry (Mary E. Finck)""",female,34,1,0,"""386525""",16.1,"""""",S
364,0,3,"""Asim, Mr. Adola""",male,35,0,0,SOTON/O.Q. 3101310,7.05,NaN,S
284,1,3,"""Goldsmith, Mr. Frank John""",male,33.0,1,1,"""363291""",20.525,"""""",S
543,0,3,"""Andersson, Miss. Sigrid Elisabeth""",female,11.0,4,2,347082,31.275,NaN,S
381,1,3,"""Nakid, Miss. Maria (Mary)""",female,1.0,0,2,2653,15.7417,"""""",C
384,0,3,"""Plotcharsky, Mr. Vasil""",male,27,0,0,349227,7.8958,"""""",S
83,1,3,"""McDermott, Miss. Brigdet Delia""",female,NaN,0,0,330932,7.7875,NaN,Q
368,1,3,"""Daly, Miss. Margaret Marcella Maggie""",female,30.0,0,0,382649,7.75,"""""",Q
23,1,3,"""McGowan, Miss. Anna 'Annie'""",female,15.0,0,0,330923,8.0292,NaN,Q
274,0,1,"""Andrews, Mr. Thomas Jr""",male,39,0,0,"""112050""",0,A36,S
47,1,3,"""Baclini, Miss. Helene Barbara""",female,0.75,2,1,"""2666""",19.2583,"""""","""C"""
573,1,1,"""Flynn, Mr. John Irwin (Irving)""",male,36.0,0,0,PC 17474,26.3875,E25,S
245,0,3,"""Davison, Mr. Thomas Henry""",male,30,1,0,"""386525""",16.1,"""""",S
238,1,2,"""Collyer, Miss. Marjorie""",female,8,0,2,"""C.A. 31921""",26.25,"""""",S
347,1,2,"Smith, Mary",female,32.0,0,0,23456,13.0,NaN,S
413,0,2,"""Matthews, Mr. William John""",male,30.0,0,0,"""28206""",10.5,"""""",S
246,0,1,"""Minahan, Dr. William Edward""",male,44,2,0,19928,90.0,C78,S
302,0,3,"""Johnson, Miss. Eleanor Ileen""",female,1.0,1,1,"""347742""",11.1333,"""""",S
380,1,3,"""O'Keefe, Miss. Ellen""",female,24,0,0,36865,7.7375,"""""",Q
93,0,3,"""Andersson, Mr. August Edvard""",male,27,0,0,"""347468""",7.8542,"""""",S
342,1,2,"""Collander, Mr. Erik Gustaf""",male,28.0,0,0,248740,13.0,NaN,S
253,0,1,"""Stead, Mr. William Thomas""",male,62.0,0,0,"""113514""",26.55,C87,S
104,0,3,"""Johansson, Mr. Gustaf Joel""",male,33,0,0,"""7540""",8.6542,"""""",S
463,0,2,"""Milling, Mr. Jacob Christian""",male,48,0,0,"""234360""",13.0,"""""","""S"""
291,1,1,"""Bishop, Mrs. Dickinson H (Helen Walton)""",female,19.0,1,0,11967,91.0792,B49,C
231,1,3,"""Larsson, Mr. Bengt Edvin""",male,29.0,0,0,"""347067""",7.775,"""""",S
108,0,3,"""Rekic, Mr. Tido""",male,38,0,0,"""349249""",7.8958,"""""",S
463,0,1,"""Gee, Mr. Arthur H""",male,47,0,0,111320,38.5,E63,S
538,0,3,"""Risien, Mr. Samuel Beard""",male,35.0,0,0,364498,14.5,None,S
204,0,3,"""Youseff, Mr. Gerious""",male,45.5,0,0,"""2628""",7.225,"""""",C
32,1,1,"Spencer, Mrs. William Augustus (Marie Eugenie)",female,48,1,0,PC 17569,146.5208,B78,C
324,1,2,"""Harper, Miss. Annie Jessie""",female,6,0,1,248727,33.0,"""""",S
241,0,3,"""Zabour, Miss. Thamine""",female,NaN,1,0,2665,14.4542,NaN,C
53,1,1,"""Harper, Mrs. Henry Sleeper (Myna Haxtun)""",female,49.0,1,0,PC 17572,76.7292,D33,C
287,1,3,"""de Mulder, Mr. Theodore""",male,30.0,0,0,"""345774""",9.5,"""""",S
301,1,3,"""Kelly, Miss. Anna Katherine""",female,20.0,0,0,"""315091""",7.775,"""""",S
42,1,2,"""Kimball, Mr. Edwin Nelson Jr""",male,42.0,1,0,"""24065""",26.0,E31,S
201,0,3,"""Vande Walle, Mr. Nestor Cyriel""",male,28.0,0,0,"""345770""",9.5,"""""",S
276,1,1,"""Andrews, Miss. Kornelia Theodosia""",female,63.0,1,0,"""13502""",77.9583,"""D7""","""S"""
463,0,1,"""Gee, Mr. Arthur H""",male,47,0,0,111320,38.5,E63,S
523,0,3,"""Mr. James Webber""",male,27.0,0,0,"""C.A. 33111""",10.5,"""""",S
342,1,2,"""Collander, Mrs. Erik Gustaf (Alma Cornelia Berglund)""",female,28.0,1,0,"""248740""",26.0,"""""",S
345,0,2,"""Smith, Mr. John""",male,42,0,0,"""250643""",13.0,"""""",S
64,0,3,"""Skoog, Mr. Wilhelm""",male,40.0,1,4,"""347088""",27.9,"""""",S
245,0,3,"""Smith, Mr. John""",male,25.0,0,0,"""349216""",7.8958,"""""",S
183,0,3,"""Asplund, Master. Filip Oscar""",male,13,4,2,"""347077""",31.3875,"""""",S
547,0,2,"""Hickman, Mr. Stanley George""",male,21,2,0,"""S.O.C. 14879""",73.5,"""""",S
372,0,3,"""Wiklund, Mr. Jakob Alfred""",male,18.0,1,0,"""3101267""",6.4958,"""""",S
376,0,3,"""Mr. James Scanlan""",male,22,0,0,"""364846""",7.75,NaN,Q
284,1,3,"""Dorking, Mr. Edward Arthur""",male,19.0,0,0,A/5. 10482,8.05,"""""",S
174,0,3,"""Smith, Mr. John""",male,28.0,0,0,"""A/5 21171""",7.25,"""""",S
231,1,1,"""Harris, Mrs. Henry Birkhardt (Irene Wallach)""",female,35,1,0,PC 36973,83.4750,C83,S
318,1,2,"""Morley, Miss. Bertha""",female,28.0,0,0,"""250655""",26.0,"""""",S
357,1,2,"""Funk, Miss. Annie Clemmer""",female,38,0,0,"""237671""",13.0,"""""",S
386,0,2,"""Davies, Mr. Charles Henry""",male,18,0,0,"""S.O.C. 14879""",73.5,NaN,S
372,0,3,"""Wiklund, Mr. Jakob Alfred""",male,18.0,1,0,"""3101267""",6.4958,NaN,S
178,0,1,"Isham, Miss. Ann Elizabeth",female,50,0,0,PC 17595,28.7125,C49,C
113,0,3,"""Barton, Mr. David John""",male,22.0,0,0,324669,8.05,"""""",S
342,1,2,"""Collander, Mr. Erik Gustaf""",male,28.0,0,0,"""248740""",13.0,"""""",S
269,1,1,"""Graham, Mrs. William Thompson (Edith Junkins)""",female,58,0,1,PC 17582,153.4625,C125,S
409,0,3,"""Birkeland, Mr. Hans Martin Monsen""",male,21.0,0,0,"""312992""",7.775,"""""",S
287,1,3,"""Durán y More, Miss. Asunción""",female,27.0,1,0,SC/PARIS 2149,13.8583,"""""",C
340,1,2,"""Miss. Ellen Shine""",female,23,0,0,"""24160""",13.0,"""""",S
573,1,3,"""Webber, Miss. Susan""",female,32.5,0,0,"""W./C. 6607""",7.75,"""""",S
328,1,2,"""Ball, Mrs. (Ada E Hall)""",female,36.0,0,0,28551,13.0,D,S
397,0,3,"""Olsson, Miss. Elina""",female,31,0,0,"""350407""",7.8542,"""""",S
212,1,2,"""Cameron, Miss. Clear Annie""",female,35.0,0,0,F.C.C. 13528,21.0,NaN,S
250,0,3,"""Smith, Mr. John""",male,30,0,0,"""A/5 21171""",7.25,"""""",S
245,0,3,"""Attalah, Mr. Sleiman""",male,30.0,0,0,"""2694""",7.225,"""""",C
347,1,2,"""Davies, Master. John Morgan Jr""",male,8,1,1,C.A. 33112,36.75,F33,S
583,0,2,"""Downton, Mr. William James""",male,54.0,0,0,"""28403""",26.0,"""""",S
436,1,2,"""Hart, Miss. Eva Miriam""",female,7.0,0,2,"""F.C.C. 13529""",26.25,NaN,S
587,0,2,"""Wells, Mr. Arthur H""",male,29,0,0,"""239856""",0,"""""",S
314,0,3,"""Braund, Mr. Owen Harris""",male,22,1,0,"""A/5 21171""",7.25,"""""",S
258,1,1,"""Cherry, Miss. Gladys""",female,30,0,0,"""110152""",86.5,B77,S
423,0,3,"""Danbom, Mr. Ernst Gilbert""",male,34.0,1,1,347080,14.4,"""""",S
323,1,2,"""Slayter, Miss. Hilda Mary""",female,30,0,0,"""S.O.C. 14879""",12.35,"""""",Q
527,0,3,"""Farthing, Mr. John""",male,NaN,0,0,"""PC 17483""",221.7792,C95,S
546,0,1,"""Nicholson, Mr. Arthur Ernest""",male,64,0,0,"""693""",26.0,B38,S
245,0,3,"""Gustafsson, Mr. Johan Birger""",male,28.0,2,0,"""3101276""",7.925,"""""",S
63,0,3,"""Skoog, Mr. Harald""",male,39,1,4,347088,27.9,"""""",S
523,0,3,"""Olsson, Mr. Oskar Wilhelm""",male,22.0,0,0,"""347072""",7.8542,"""""",S
328,1,2,"""Ball, Mrs. (Ada E Hall)""",female,36.0,0,0,"""28551""",13.0,D,S
67,1,3,John Smith,male,32.0,0,0,347060,7.925,NaN,S
314,0,3,"""Braund, Mr. Lewis Richard""",male,29.0,1,0,"""A/5 21171""",7.25,"""""",S
45,0,3,"""Rogers, Mr. William John""",male,30,0,0,"""S.C./A.4. 23567""",8.05,"""""",S
237,0,2,"""Smith, Mr. John""",male,34,0,0,231942,13.0,NaN,S
349,1,3,"""Coutts, Master. William Loch""",male,3,1,1,C.A. 37671,15.9,"""""",S
127,0,3,"""McMahon, Mr. Martin""",male,19,0,0,"""370372""",7.75,"""""",Q
87,0,3,"""Ford, Mr. William Neal""",male,16.0,1,3,W./C. 6608,34.375,NaN,S
564,0,3,"""Simmons, Mr. John""",male,25,0,0,A/4 48871,8.05,NaN,S
342,1,2,"'Collander, Mr. Erik Gustaf'",'male',28.0,0,0,'248740',13.0,'','S'
328,1,2,"""Ball, Mrs. (Ada E Hall)""",female,36.0,0,0,"""28551""",13.0,D,S
578,1,2,"""Garside, Miss. Ethel""",female,34.0,0,0,"""243880""",13.0,"""""",S
347,1,2,"""Davison, Mrs. Thomas Henry (Mary E. Finck)""",female,34,1,0,386525,16.1,"""""",S
259,1,2,"""Parrish, Mrs. (Lutie Davis)""",female,50,0,1,230433,26.0,NaN,S
323,1,2,"""Slayter, Miss. Hilda Mary""",female,30.0,0,0,"""234818""",12.35,"""""",Q
543,0,3,"""Andersson, Miss. Sigrid Elisabeth""",female,11,4,2,347082,31.275,NaN,S
623,0,3,"""Hansen, Mr. Henry Damsgaard""",male,21.0,0,0,350029,7.8542,NaN,S
463,0,1,"""Gee, Mr. Arthur H""",male,47,0,0,111320,38.5,E63,S
104,0,3,"""Johansson, Mr. Gustaf Joel""",male,33,0,0,"""7540""",8.6542,"""""",S
337,1,1,"""Burns, Miss. Elizabeth Margaret""",female,41.0,0,0,16966,134.5,E40,C
726,0,3,"""Oreskovic, Mr. Luka""",male,20.0,0,0,"""315094""",8.6625,"""""",S
315,1,2,"""Hart, Miss. Eva Miriam""",female,7,0,2,"""F.C.C. 13529""",26.25,"""""","""S"""
347,1,2,"""Davies, Master. John Morgan Jr""",male,8.0,1,1,"""C.A. 33112""",36.75,NaN,S
12,1,1,"""Bonnell, Miss. Elizabeth""",female,58,0,0,"""113783""",26.55,C103,S
328,1,2,"""Ball, Mrs. (Ada E Hall)""",female,36.0,0,0,28551,13.0,D,S
437,0,3,"""Ford, Mr. William Neal""",male,16.0,1,3,"""W./C. 6608""",34.375,NaN,S
397,0,3,Miss. Alice O'Leary,female,21,0,0,310151,7.7958,NaN,S
573,1,3,"""Kelly, Miss. Mary""",female,22.0,0,0,"""14312""",7.75,"""""",Q
389,1,2,"""Lehmann, Miss. Bertha""",female,17.0,0,0,"""SC 1748""",12.0,"""""","""C"""
153,0,3,"""Meo, Mr. Alfonzo""",male,55.5,0,0,"""A.5. 11206""",8.05,"""""",S
378,0,3,"""Boulos, Mr. Hanna""",male,20.0,0,0,"""2665""",7.2292,"""""",C
342,1,2,"""Collander, Mr. Erik Gustaf""",male,28.0,0,0,248740,13.0,"""""",S
561,0,3,"""Morley, Mr. Henry Samuel (Mr. Henry Marshall)""",male,39,0,0,364506,8.05,NaN,S
573,1,3,"""Kelly, Miss. Mary""",female,22.0,0,0,"""14312""",7.75,"""""",Q
105,0,3,"""Gustafsson, Mr. Anders Vilhelm""",male,37.0,2,0,"""3101276""",7.925,"""""","""S"""
431,1,3,"""Björk, Miss. Ellis Anna Maria""",female,17.0,0,0,347743,7.8792,"""""",Q
514,0,3,"""Smith, Mr. John""",male,24,0,0,A/5 21171,7.25,"""""",S
287,1,3,"""de Mulder, Mr. Theodore""",male,30,0,0,345774,9.50,"""""",S
420,0,3,"""Van Impe, Miss. Catharina""",female,10,0,2,345773,24.15,NaN,S
523,0,3,"""Anderson, Mr. Samuel""",male,43.0,0,0,"""C1234""",7.925,"""""",S
329,1,2,"""Ball, Mrs. (Ada E Hall)""",female,36,0,0,28551,13.0,D,S
347,1,2,"""Smith, Miss. Marion Elsie""",female,40.0,0,0,"""243880""",13.0,"""""",S
482,0,2,"""Frost, Mr. Anthony Wood""",male,NaN,0,0,"""239854""",0,NaN,S
372,0,3,"""Wiklund, Mr. Jakob Alfred""",male,18,1,0,"""3101267""",6.4958,NaN,S
329,1,2,"""Ball, Mrs. (Ada E Hall)""",female,36.0,0,0,28551,13.0,D,S
328,1,2,"""Ball, Mrs. (Ada E Hall)""",female,36.0,0,0,28551,13.0,D,S
672,0,2,"""Mr. John William Gale""",male,34,1,0,28664,21.0,NaN,S
267,0,3,"""Panula, Mr. Ernesti Arvid""",male,16.0,4,1,"""3101295""",39.6875,"""""",S
564,0,3,"""Simmons, Mr. John""",male,32.0,0,0,A/4 48871,24.15,NaN,S
347,1,2,"""Davies, Master. John Morgan Jr""",male,8,1,1,"""C.A. 33112""",36.75,"""""",S
128,1,3,"""Madsen, Mr. Fridtjof Arne""",male,24.0,0,0,C 17369,7.1417,"""""",S
231,1,3,"""Larsson, Mr. Bengt Edvin""",male,29.0,0,0,347067,7.775,"""""",S
256,1,3,"""Smith, Mrs. John (Mary)""",female,29,1,0,"""370160""",15.85,"""""",S
157,0,3,"""Corn, Mr. Harry""",male,30,0,0,"""SOTON/OQ 392090""",8.05,"""""",S
564,0,3,"""Simmons, Mr. John""",male,25,0,0,"""SOTON/OQ 392082""",8.05,"""""",S
327,0,3,"""Nysveen, Mr. Johan Hansen""",male,61.0,0,0,345364,6.2375,"""""",S
245,0,3,"""Svensson, Mr. Johan""",male,25.0,0,0,"""350034""",7.7958,"""""",S
248,1,2,"""Hamalainen, Mrs. William (Anna)""",female,24,0,2,250649,14.5,"""""",S
358,0,2,"""Funk, Miss. Annie Clemmer""",female,38,0,0,237671,13.0,NaN,S
273,0,3,"""Tornquist, Mr. William Henry""",male,25.0,0,0,"""LINE""",0.0,"""""",S
246,0,1,"""Minahan, Dr. William Edward""",male,44.0,2,0,19928,90.0,C78,S
375,0,3,"""Ford, Mr. William Neal""",male,16.0,1,3,"""W./C. 6608""",34.375,"""""",S
94,0,3,"""Dean, Mr. Bertram Frank""",male,26,1,2,"""C.A. 2315""",20.575,"""""",S
315,0,2,"""Hart, Mr. Benjamin""",male,43,1,1,"""F.C.C. 13529""",26.25,"""""",S
201,0,3,"""Vande Walle, Mr. Nestor Cyriel""",male,28,0,0,345770,9.5,"""""",S
569,0,3,"""Palsson, Miss. Stina Viola""",female,3,3,1,"""349909""",21.075,"""""",S
102,0,3,"""Petroff, Mr. Pastcho (""""Pentcho"""")""",male,NaN,0,0,349215,7.8958,NaN,S
342,1,2,"Collander, Mr. Erik Gustaf",male,28.0,0,0,248740,13.0,,S
132,1,3,"""Coelho, Mr. Domingos Fernandeo""",male,20,0,0,SOTON/O.Q. 3101307,7.05,"""""",S
327,1,2,"""Nye, Mrs. Elizabeth (Elizabeth Ramell)""",female,29,0,0,C.A. 29395,10.5,F33,S
172,0,3,"""Johnson, Mr. William Cahoone Jr""",male,19,0,0,"""LINE""",0.0,"""""",S
22,1,2,"""Beesley, Mr. Lawrence""",male,34,0,0,"""248698""",13,D56,S
362,0,3,"""Barbara, Miss. Saiide""",female,18.0,0,1,2691,14.4542,NaN,C
324,1,2,"""Caldwell, Mrs. Albert Francis (Sylvia Mae Harbaugh)""",female,22.0,1,1,248738,29.0,NaN,S
342,1,1,"""Miss. Alice Elizabeth Fortune""",female,24,3,2,19950,263.0000,C23 C25 C27,S
328,1,2,"""Ball, Mrs. (Ada E. Hall)""",female,36,0,0,28551,13.0,D,S
527,0,3,"""Farthing, Mr. John""",male,NaN,0,0,"""PC 17483""",221.7792,C95,S
319,1,1,"""Wick, Miss. Mary Natalie""",female,31,0,2,"""36928""",164.8667,C7,S
312,0,3,"""Smith, Miss. Marion Elsie""",female,24.0,0,0,"""347062""",7.75,"""""",S
329,1,2,"""Ball, Mrs. (Ada E Hall)""",female,36,0,0,28551,13,D,S
239,0,2,"""Pengelly, Mr. Frederick William""",male,19.0,0,0,"""28665""",10.5,"""""",S
587,0,2,"Jarvis, Mr. John Denzil",male,47,0,0,237565,15.0,,S
245,0,3,"""Attalah, Mr. Sleiman""",male,30.0,0,0,"""2694""",7.225,NaN,C
572,1,1,"""Appleton, Mrs. Edward Dale (Charlotte Lamson)""",female,53,2,0,PC 17582,153.4625,C125,S
23,1,3,"""McGowan, Miss. Anna 'Annie'""",female,15.0,0,0,330923,8.0292,"""""",Q
104,0,3,"""Johanesson, Mr. Jakob Alfred""",male,34.0,0,0,"""3101264""",6.4958,NaN,S
315,1,2,"""Hart, Mrs. Benjamin (Esther)""",female,45.0,1,1,"""F.C.C. 13529""",26.25,"""""",S
245,0,3,"""Attalah, Mr. Sleiman""",male,30.0,0,0,"""2694""",7.225,"""""",C
273,0,3,"""Miss. Helmina Josefina Nilsson""",female,26.0,0,0,"""347066""",7.775,"""""","""S"""
439,0,2,"""Kvillner, Mr. Johan Henrik Johannesson""",male,31.0,0,0,"""C.A. 18723""",10.5,"""""","""S"""
467,0,2,"""Lingane, Mr. John""",male,61,0,0,235509,12.35,NaN,Q
271,1,3,"""Tornquist, Mr. William Henry""",male,25,0,0,"""LINE""",0,"""""",S
375,0,3,"""Ford, Mrs. Edward (Margaret Ann Watson)""",female,48.0,1,3,W./C. 6608,34.375,NaN,S
432,1,3,"""Thorneycroft, Mrs. Percival (Florence Kate White)""",female,23,1,0,"""376564""",16.1,"""""",S
217,0,2,"""Jacobsohn, Mr. Sidney Samuel""",male,42.0,1,0,"""243847""",27.0,"""""",S
587,0,3,"""Olsson, Miss. Elina""",female,22,0,0,3101265,9.8417,"""""",S
102,0,3,"""O'Dwyer, Miss. Ellen 'Nellie'""",female,24,0,0,330958,7.8792,"""""",Q
332,0,1,"""Partner, Mr. Austen""",male,45.5,0,0,"""113043""",28.5,C124,S
223,0,3,"""Green, Mr. George Henry""",male,51,0,0,"""21440""",8.0500,"""""",S
259,1,2,"""Parrish, Mrs. (Lutie Davis)""",female,50,0,1,"""230433""",26.0,"""""",S
267,0,3,"""Panula, Mr. Ernesti Arvid""",male,16.0,4,1,"""3101295""",39.6875,"""""","""S"""
87,0,3,"""Ford, Mr. William Neal""",male,16.0,1,3,"""W./C. 6608""",34.375,"""""",S
173,1,3,"""Johnson, Miss. Eleanor Ileen""",female,1,1,1,"""347742""",11.1333,"""""",S
463,0,1,"""Gee, Mr. Arthur H""",male,47.0,0,0,111320,38.5,E63,S
368,1,3,"""Sage, Miss. Stella Anna""",female,NaN,8,2,"""CA. 2343""",69.55,NaN,S
548,1,2,"""Padro y Manent, Mr. Julian""",male,27.0,0,0,SC/PARIS 2146,13.8625,"""""",C
342,1,2,"""Collander, Mr. Erik Gustaf""",male,28.0,0,0,"""248740""",13.0,"""""",S
371,1,1,"""Bishop, Mrs. Dickinson H (Helen Walton)""",female,19.0,1,0,11967,91.0792,B49,C
552,1,2,"""Sharp, Mr. Percival James R""",male,27,0,0,"""244358""",26.0,"""""",S
307,1,1,"""Fleming, Miss. Margaret""",female,30.0,0,0,PC 17485,56.9292,E36,C
327,1,2,"""Ball, Mrs. (Ada E Hall)""",female,36.0,0,0,28551,13.0,D37,S
582,0,2,"""Slabenoff, Mr. Petco""",male,42,0,0,"""349214""",13.0,"""""",S
286,0,3,"""de Mulder, Mr. Theodore""",male,30.0,0,0,"""345774""",9.5,"""""",S
237,1,3,"""McGowan, Miss. Anna""",female,15,0,0,330923,8.0292,"""""",Q
135,1,2,"""Berriman, Mr. William John""",male,23.0,0,0,"""28425""",13.0,"""""",S
431,1,1,"""Bjornstrom-Steffansson, Mr. Mauritz Hakan""",male,28.0,0,0,"""110564""",26.55,C52,S
145,0,2,"""Andrew, Mr. Edgardo Samuel""",male,18,0,0,231945,11.50,,S
483,0,3,"""Nikola, Mr. Tom""",male,39.0,0,0,349218,7.8958,"""""",S
42,0,2,"""Turpin, Mr. William John Robert""",male,29.0,1,0,"""11668""",21.00,"""""",S
247,1,3,"""Lindahl, Miss. Agda Thorilda Viktoria""",female,25,0,0,347071,7.775,"""""",S
253,0,1,"""Stead, Mr. William Thomas""",male,62.0,0,0,"""113514""",26.55,C87,S
138,0,3,"""Osen, Mr. Olaf Elon""",male,16.0,0,0,"""7534""",9.2167,"""""","""S"""
351,0,3,"""Odahl, Mr. Nils Martin""",male,23,0,0,"""7267""",9.225,"""""",S
151,0,2,"""Hickman, Mr. Stanley George""",male,21.0,2,0,"""S.O.C. 14879""",73.5,"""""",S
342,1,1,"""Fortune, Miss. Alice Elizabeth""",female,24,3,2,19950,263.0000,C23 C25 C27,S
293,0,2,"""Levy, Mr. Rene Jacques""",male,36.0,0,0,"""SC/Paris 2163""",12.875,D,C
373,0,3,"""Beavan, Mr. William Thomas""",male,19,0,0,"""323951""",8.05,"""""","""S"""
231,1,3,"""Larsson, Mr. Bengt Edvin""",male,29.0,0,0,347067,7.775,NaN,S
224,0,3,"""Nenkoff, Mr. Christo""",male,NaN,0,0,349234,7.8958,NaN,S
458,1,2,"""Kenyon, Mrs. Frederick R (Marion)""",female,31.0,1,0,"""17464""",51.8625,E31,S
327,1,2,"""Ball, Mrs. (Ada E Hall)""",female,36.0,0,0,28551,13.0,D,S
534,0,3,"""Sage, Mr. George John Jr""",male,NaN,8,2,"""CA. 2343""",69.55,NaN,S
564,0,3,"""Simmons, Mr. John""",male,27,0,0,A/4 48871,8.05,"""""",S
346,1,2,"""Brown, Miss. Amelia""",female,24,0,0,"""248733""",13.0,"""""",S
569,0,3,"""Palsson, Mrs. Nils (Alma Cornelia Berglund)""",female,29,0,4,349909,21.075,NaN,S
244,0,3,"""O'Brien, Mr. Timothy""",male,22.0,0,0,330932,7.7500,NaN,Q
547,1,2,"""Padro y Manent, Mr. Julian""",male,27.0,0,0,SC/PARIS 2146,13.8625,NaN,C
247,0,3,"""Lindblom, Miss. Augusta Charlotta""",female,45.0,0,0,"""347073""",7.75,"""""",S
331,1,1,"""Beckwith, Mrs. Richard Leonard (Sallie Monypeny)""",female,47,1,1,11751,52.5542,D35,S
746,0,3,"""Abbott, Mr. Rossmore Edward""",male,16.0,1,1,"""C.A. 2673""",20.25,"""""",S
435,0,3,"""Ford, Mr. William Neal""",male,16.0,1,3,"""W./C. 6608""",34.375,NaN,S
87,0,3,"""Ford, Mr. William Neal""",male,16.0,1,3,W./C. 6608,34.375,,S
431,1,1,"""Bjornstrom-Steffansson, Mr. Mauritz Hakan""",male,28,0,0,110564,26.55,C52,S
462,0,3,"""Morley, Mr. William""",male,34.0,0,0,"""364506""",8.05,"""""",S
123,0,3,"""Bengtsson, Mr. John Viktor""",male,26,0,0,347068,7.775,"""""",S
148,0,3,"""Ford, Miss. Robina Maggie 'Ruby'""",female,9,2,2,W./C. 6608,34.375,NaN,S
356,1,1,"""Bowerman, Miss. Elsie Edith""",female,22.0,0,1,"""113505""",55.0,E33,S
372,0,3,"""Wiklund, Mr. Karl Johan""",male,21.0,1,0,"""3101267""",6.4958,NaN,S
276,1,1,"""Andrews, Miss. Kornelia Theodosia""",female,63.0,1,0,13502,77.9583,D7,S
42,0,3,"""Kraeff, Mr. Theodor""",male,NaN,0,0,"""349253""",7.8958,NaN,C
346,1,2,"Brown, Miss. Amelia ""Mildred""",female,24.0,0,0,248733,13.0,F33,S
547,0,2,"Padro y Manent, Mr. Julian",male,27,0,0,SC/PARIS 2146,13.8625,,C
387,1,3,"""Miss. Agnes McCoy""",female,28.0,2,0,"""367226""",23.25,"""""","""Q"""
372,0,3,"""Wiklund, Mr. Jakob Alfred""",male,18,1,0,"""3101267""",6.4958,"""""",S
243,0,2,"""Gaskell, Mr. Alfred""",male,16.0,0,0,239865,26.0,"""""",S
384,0,3,"""Williams, Mr. Howard Hugh""",male,28.0,0,0,"""A/5 2466""",8.05,"""""",S
431,1,1,"""Bjornstrom-Steffansson, Mr. Mauritz Hakan""",male,28.0,0,0,110564,26.5500,C52,S
87,0,3,"""Ford, Mr. William Neal""",male,16.0,1,3,"""W./C. 6608""",34.375,"""""",S
384,1,3,"""Levy, Mr. Rene Jacques""",male,36.0,0,0,"""A/5 21173""",7.25,"""""",S
264,0,1,"""Harrison, Mr. William""",male,40,0,0,"""112059""",0,B94,S
381,1,3,"""Nakid, Miss. Maria (""Mary"")""",female,1.0,0,2,2653,15.7417,"""""",C
342,1,2,"""Fortune, Miss. Alice Elizabeth""",female,24.0,3,2,19950,263.0,C23 C25 C27,S
34,0,2,"""Wheadon, Mr. Edward H""",male,66.0,0,0,C.A. 24579,10.5,NaN,S
514,0,3,"""Andreasson, Mr. Paul Edvin""",male,20,0,0,"""347466""",7.8542,"""""",S
372,0,3,"""Wiklund, Mr. Jakob Alfred""",male,18,1,0,"""3101267""",6.4958,"""""",S
526,1,3,"""Farrell, Miss. Katie""",female,24.0,0,0,"""330972""",7.8792,"""""","""Q"""
83,1,3,"""McDermott, Miss. Brigdet Delia""",female,NaN,0,0,330932,7.7875,NaN,Q
183,0,3,"""Asplund, Master. Clarence Gustaf Hugo""",male,9,4,2,"""347077""",31.3875,"""""",S
245,0,2,"""Attalah, Mr. Sleiman""",male,30.0,0,0,"""2694""",7.225,"""""",C
285,0,3,"""Mr. William Henry Allen""",male,35,0,0,"""A/5 21171""",7.25,"""""",S
328,1,2,"""Ball, Mrs. (Ada E. Hall)""",female,36,0,0,28551,13.0,D,S
342,1,2,"""Miss. Alice Brown""",female,24,0,0,"""248733""",13.0,F33,S
329,1,2,"""Slayter, Miss. Hilda Mary""",female,30.0,0,0,"""234818""",12.35,"""""",Q
127,0,3,"""McMahon, Mr. Martin""",male,NaN,0,0,370372,7.75,NaN,Q
317,0,3,"""Moran, Miss. Bertha""",female,NaN,1,0,"""371110""",24.15,NaN,Q
246,0,1,"""Minahan, Dr. William Edward""",male,44,2,0,19928,90.0,C78,S
201,0,3,"""Vande Walle, Mr. Nestor Cyriel""",male,28.0,0,0,"""345770""",9.5,"""""",S
126,1,3,"""Nicola-Yarred, Master. Elias""",male,12,1,0,"""2651""",11.2417,"""""","""C"""
245,0,3,"""Doling, Mr. John Thorpe""",male,32.0,1,0,"""A/5 21173""",7.25,"""""",S
431,1,1,"""Bjornstrom-Steffansson, Mr. Mauritz Hakan""",male,28.0,0,0,110564,26.55,C52,S
892,0,3,"""Doe, Mr. John""",male,34.5,0,0,"""W. 3809""",7.8292,"""""","""Q"""
582,0,2,"""Downton, Mr. William James""",male,54.0,0,0,"""28403""",26.0,null,S
427,1,2,"""Clarke, Mrs. Charles V (Ada Maria Winfield)""",female,28.0,1,0,2003,26.0,NaN,S
293,0,2,"""Levy, Mr. Rene Jacques""",male,36.0,0,0,"""SC/Paris 2163""",12.875,D,C
342,1,2,"""Collander, Mr. Erik Gustaf""",male,28.0,0,0,"""248740""",13.0,"""""",S
329,1,2,"""Ball, Mrs. (Ada E. Hall)""",female,36.0,0,0,28551,13.0,D,S
672,0,1,"""Davidson, Mr. Thornton""",male,31.0,1,0,"""F.C. 12750""",52.0,B71,S
422,0,3,"""Charters, Mr. David""",male,21.0,0,0,A/5. 13032,7.7333,"""""",Q
536,1,2,"""Hart, Miss. Eva Miriam""",female,7.0,0,2,F.C.C. 13529,26.25,,S
102,0,3,"""Petroff, Mr. Pastcho (""""Pentcho"""")""",male,NaN,0,0,349215,7.8958,NaN,S
592,1,2,"""Duff Gordon, Lady. (Lucille Christiana Sutherland) ('Mrs Morgan')""",female,48.0,1,0,11755,39.6,A20,C
231,1,3,"""Smith, Miss. Jane""",female,28.0,0,0,"""3842""",7.25,"""""",S
435,1,3,"""Peters, Miss. Katie""","""female""",28.0,0,0,"""330935""",8.1375,"""""","""Q"""
217,1,3,"""Johnson, Miss. Eleanor Ileen""",female,1,1,1,"""347742""",11.1333,"""""","""S"""
105,0,3,"""Gustafsson, Mr. Anders Vilhelm""",male,37,2,0,3101276,7.925,"""""",S
352,0,3,"""Odahl, Mr. Nils Martin""",male,23,0,0,"""7267""",9.225,"""""",S
273,0,2,"""Mellinger, Mr. Julius (Alexander)""",male,30.0,0,1,250652,19.5,"""""",S
647,1,1,"""Simonius-Blumer, Col. Oberst Alfons""",male,56.0,0,0,"""13213""",35.5,"""A26""","""C"""
42,0,2,"""Turpin, Mr. William John Robert""",male,29,1,0,"""11668""",21.0,"""""",S
401,0,3,"""Niskanen, Mr. Juha""",male,39,0,0,"""STON/O 2. 3101289""",7.925,"""""",S
342,1,2,"""Collander, Mr. Erik Gustaf""",male,28.0,0,0,"""248740""",13.0,"""""","""S"""
247,0,3,"""Lindblom, Miss. Augusta Charlotta""",female,45.0,0,0,"""347073""",7.75,"""""",S
143,1,3,"""Hakkarainen, Mrs. Pekka Pietari (Elin Matilda Dolck)""",female,24.0,1,0,"""STON/O2. 3101279""",15.85,"""""",S
543,0,3,"""Andersson, Miss. Sigrid Elisabeth""",female,11,4,2,347082,31.275,NaN,S
238,1,2,"""Collyer, Miss. Marjorie""",female,8,0,2,"""C.A. 31921""",26.25,NaN,S
573,1,3,"""Kelly, Mr. James""",male,34.5,0,0,330911,7.8292,"""""",Q
342,1,2,"""Collander, Mr. Erik Gustaf""",male,28.0,0,0,248740,13.0,"""""",S
316,1,2,"""Kantor, Mrs. Sinai (Miriam Sternin)""",female,24.0,1,0,244367,26.0,"""""",S
407,0,3,"""Hassan, Mr. Houssein G N""",male,11.0,0,0,"""2695""",7.2292,"""""",C
382,1,3,"""Nakid, Miss. Maria (""""Mary"""")""",female,1.0,0,2,2653,15.7417,"""""",C
248,1,2,"""Hamalainen, Mrs. William (Anna)""",female,24.0,0,2,"""250649""",14.5,"""""",S
342,1,2,"""Collander, Mrs. Erik Gustaf (Alma Cornelia Berglund)""",female,28.0,1,0,248740,26.0,NaN,S
218,1,1,"""Beckwith, Mrs. Richard Leonard (Sallie Monypeny)""",female,47,1,1,11751,52.5542,D35,S
147,0,3,"""Andersson, Mr. August Edvard""",male,27,0,0,"""347082""",7.775,"""""",S
251,0,3,"""Smith, Mr. John""",male,29.0,0,0,A/5 21171,7.25,"""""",S
273,1,2,"""Mellinger, Mrs. Elizabeth (Elizabeth Anne Maidment)""",female,41.0,0,1,"""250644""",19.5,"""""","""S"""
367,1,3,"""Mamee, Mrs. Ernest (Elizabeth Lindsey James)""",female,34.0,0,0,2689,7.2292,NaN,C
583,0,2,"""Mr. William James Downton""",male,54,0,0,28403,26.0,NaN,S
248,1,2,"""Hamalainen, Mrs. William (Anna)""",female,24,0,2,250649,14.5,"""""",S
469,0,3,"""Scanlan, Mr. James""",male,22.0,0,0,36209,7.725,"""""",Q
387,0,3,"""Goodwin, Master. Sidney Leonard""",male,1,5,2,"""CA 2144""",46.9,"""""",S
245,0,3,"""Gustafsson, Mr. Karl Gideon""",male,19,0,0,347069,7.775,"""""",S
173,1,3,"""Johnson, Miss. Eleanor Ileen""",female,1.0,1,1,"""347742""",11.1333,"""""",S
243,0,2,"""Downton, Mr. William James""",male,54,0,0,"""28403""",26,NaN,S
128,1,3,"""O'Connell, Mrs. Patrick D (Margaretta)""",female,28,0,0,371362,7.75,null,Q
324,1,2,"""Caldwell, Mrs. Albert Francis (Sylvia Mae Harbaugh)""",female,22,1,1,248738,29.0,"""""",S
523,1,3,"""Hanna, Mr. Mansour""",male,23.5,0,0,"""2693""",7.2292,NaN,C
387,0,3,"""Johnston, Miss. Catherine Helen""",female,NaN,1,2,W./C. 6607,23.45,NaN,S
508,1,1,"""Bradley, Mr. George""",male,37,0,0,111427,26.55,B22,S
127,0,3,"""McMahon, Mr. Martin""",male,19,0,0,"""370372""",7.75,"""""",Q
153,0,3,"""Gustafsson, Mr. Anders Vilhelm""",male,37,2,0,"""3101276""",7.925,"""""",S
396,0,3,"""Olsson, Miss. Elina""",female,31,0,0,350407,7.8542,"""""",S
327,0,3,"""Nysveen, Mr. Johan Hansen""",male,61.0,0,0,345364,6.2375,"""""",S
283,0,3,"'Dorking, Mr. Edward Arthur'",'male',19.0,0,0,'A/5. 10482',8.05,'','S'
641,0,3,"""Jensen, Mr. Hans Peder""",male,20,0,0,"""350050""",7.8542,"""""","""S"""
438,1,2,"""Richards, Mrs. Sidney (Emily Hocking)""",female,24.0,2,3,"""29106""",18.75,"""""","""S"""
387,0,3,"""Goodwin, Miss. Lillian Amy""",female,16.0,5,2,"""CA 2144""",46.9,NaN,S
846,0,3,"""Abbing, Mr. Anthony""",male,42.0,0,0,"""C.A. 5547""",7.55,"""""",S
302,0,3,"""Kelly, Mr. James""",male,34.5,0,0,363592,8.05,NaN,S
236,0,3,"""Smith, Mr. John""",male,25,0,0,"""A/5 21171""",7.25,NaN,S
248,1,2,"""Hamalainen, Mrs. William (Anna)""",female,24,0,2,250649,14.5,"""""",S
482,0,3,"""Rouse, Mr. Richard Henry""",male,50,0,0,"""A/5 3594""",8.05,"""""",S
314,0,3,"""Hendekovic, Mr. Ignjac""",male,28.0,0,0,"""349243""",7.8958,"""""",S
322,0,3,"""Danoff, Mr. Yoto""",male,27.0,0,0,"""349219""",7.8958,"""""",S
783,0,3,"""Johnston, Mr. Andrew G""",male,NaN,1,2,"""W./C. 6607""",23.45,NaN,S
342,1,2,"""Collander, Mr. Erik Gustaf""",male,28.0,0,0,"""248740""",13.0,"""""",S
354,0,3,"""Yousif, Mr. Wazli""",male,23.0,0,0,"""2647""",7.2250,"""""",C
859,1,3,"""Baclini, Mrs. Solomon (Latifa Qurban)""",female,24.0,0,3,2666,19.2583,"""""",C
112,0,3,"""Zimmerman, Mr. Leo""",male,29.0,0,0,315082,7.8958,"""""",S
523,0,3,"""Johnston, Mr. Andrew G""",male,NaN,1,1,W./C. 6607,23.45,NaN,S
356,0,3,"""Vanden Steen, Mr. Leo Peter""",male,28.0,0,0,"""345783""",9.5,"""""",S
581,1,2,"""Dowdell, Miss. Elizabeth""",female,30.0,0,0,"""C.A. 33111""",10.5,"""""","""S"""
364,0,3,"""Asim, Mr. Adola""",male,35,0,0,"""SOTON/O.Q. 3101310""",7.05,null,S
428,1,2,"""Phillips, Miss. Kate Florence (Mrs Kate Louise Phillips Marshall)""",female,19,0,0,250655,26.0,,S
231,1,1,"""Harris, Mrs. Henry Birkhardt (Irene Wallach)""",female,35,1,0,PC 17582,153.4625,C125,S
248,1,2,"""Hamalainen, Mrs. William (Anna)""",female,24,0,2,250649,14.5,"""""",S
372,0,3,"""Wiklund, Mr. Jakob Alfred""",male,18,1,0,"""3101267""",6.4958,"""""",S
587,0,2,"""Jarvis, Mr. John Denzil""",male,47,0,0,237565,15.0,"""""",S
273,0,2,"""Mellinger, Mr. Allistair""",male,28,0,1,"""230080""",26.0,F2,S
372,0,3,"""Wiklund, Mr. Jakob Alfred""",male,18.0,1,0,"""3101267""",6.4958,"""""",S
261,0,3,"""Smith, Miss. Marion Elsie""",female,24.0,0,0,"""347071""",7.75,"""""",S
389,1,2,"""Lehmann, Miss. Bertha""",female,17.0,0,0,SC 1748,12.0,NaN,C
394,1,2,"""Sandstrom, Miss. Beatrice Irene""",female,1,1,1,231919,23.0,"""""",S
342,0,2,"""Collander, Mr. Erik Gustaf""",male,28.0,0,0,"""248740""",13.0,"""""",S
214,0,3,"""Kiernan, Mr. Philip""",male,22.0,1,0,"""367229""",7.75,"""""",Q
315,1,2,"""Hart, Miss. Eva Miriam""",female,7.0,0,2,"""F.C.C. 13529""",26.25,"""""",S
192,0,2,"""Carbines, Mr. William""",male,19,0,0,"""28424""",13.0,"""""",S
172,0,3,"""Rice, Master. Arthur""",male,4.0,4,1,"""382652""",29.125,"""""",Q
345,0,3,"""Boulos, Miss. Nourelain""",female,9.0,1,1,"""2678""",15.2458,"""""",C
445,1,2,"""Reynaldo, Ms. Encarnacion""",female,28.0,0,0,"""230434""",13.0,"""""",S
347,1,2,"""Davies, Master. John Morgan Jr""",male,8,1,1,"""C.A. 33112""",36.75,"""""","""S"""
139,0,3,"""Osen, Mr. Olaf Elon""",male,16,0,0,7534,9.2167,"""""",S
101,0,3,"""Petranec, Miss. Matilda""",female,28.0,0,0,"""349245""",7.8958,"""""",S
348,1,3,"""Miss. Bridget O'Driscoll""",female,27,0,0,364856,7.75,NaN,Q
33,1,3,"""Glynn, Miss. Mary Agatha""",female,19.0,0,0,"""335677""",7.75,"""""",Q
315,1,2,"""Bartlett, Mr. William Henry""",male,43,0,0,"""248731""",13.5,"""""",S
324,1,2,"""Caldwell, Mrs. Albert Francis (Sylvia Mae Harbaugh)""",female,22.0,1,1,248738,29.0,"""""",S
302,0,2,"""McCrie, Mr. James Matthew""",male,30.0,0,0,"""233478""",13.0,"""""",S
321,0,3,"""Dennis, Mr. Samuel""",male,22,0,0,"""A/5 21172""",7.25,"""""",S
273,1,2,"""Mellinger, Mrs. (Elizabeth Anne Maidment)""",female,41,0,1,250644,19.5,,S
314,0,2,"""Hendekovic, Mr. Ignjac""",male,28.0,0,0,349243,7.8958,"""""","""S"""
573,1,1,"""Flynn, Mr. John Irwin""",male,36.0,0,0,PC 17474,26.3875,E25,S
248,1,2,"""Hamalainen, Mrs. William (Anna)""",female,24.0,0,2,250649,14.5,"""""",S
297,0,3,"""Caram, Mr. Joseph""",male,28.0,1,0,"""2689""",14.4583,"""""",C
497,0,3,"""Shelley, Mr. William""",male,28,0,0,"""C.A. 3101311""",7.25,"""""",S
547,1,2,"""Padro y Manent, Mr. Julian""",male,27,0,0,SC/PARIS 2146,13.8625,"""""",C
326,1,2,"""Ball, Mrs. (Ada E Hall)""",female,36.0,0,0,28551,13.0,D,S
512,1,3,"""Smith, Mr. John""",male,34.0,0,0,"""A/5 21173""",7.925,"""""",S
32,1,2,"""Williams, Mrs. Charles Eugene (Ada Maria Winfield)""",female,29,1,0,"""244373""",26.0,"""""",S
311,1,1,"""Hays, Miss. Margaret Bechstein""",female,24,0,0,11767,83.1583,C54,C
123,0,3,"""Andersson, Miss. Sigrid Elisabeth""",female,11,4,2,347082,31.275,None,S
328,1,2,"""Ball, Mrs. (Ada E. Hall)""",female,36,0,0,28551,13.0,D,S
345,0,2,"""Smith, Mr. John""",male,28.0,0,0,"""SOTON/OQ 392089""",13.00,"""""",S
348,1,3,"""Davison, Mrs. Thomas Henry (Mary E. Finck)""",female,34,1,0,386525,16.1,NaN,S
547,0,2,"""Padro y Manent, Mr. Julian""",male,27,0,0,SC/PARIS 2146,13.8625,NaN,C
283,0,3,Mr. William Henry Allen,male,35,0,0,A/5 21171,7.25,NaN,S
34,0,2,"""Wheadon, Mr. Edward H""",male,66.0,0,0,"""C.A. 24579""",10.5,null,S
721,1,2,"""Harper, Miss. Annie Jessie 'Nina'""",female,6.0,0,1,248727,33.0,NaN,S
84,0,3,"""Olsson, Mr. Nils Johan Goransson""",male,28.0,0,0,"""347464""",7.8542,"""""",S
435,0,3,"""Ford, Miss. Doolina Margaret""",female,21.0,2,2,W./C. 6608,34.375,NaN,S
315,1,2,"""Hart, Miss. Eva Miriam""",female,7.0,0,2,"""F.C.C. 13529""",26.25,"""""",S
224,0,3,"""Nenkoff, Mr. Christo""",male,22.0,0,0,"""349234""",7.8958,"""""",S
334,0,3,"""Vander Planke, Mr. Leo Edmondus""",male,16.0,2,0,345764,18.0,"""""",S
546,0,2,"""Rogers, Mr. Reginald Harry""",male,19,0,0,"""28004""",10.5,"""""",S
563,0,2,"""Simmons, Mr. John""",male,40.0,0,0,"""S.O.C. 14879""",73.5,NaN,S
264,0,1,"""Harrison, Mr. William""",male,40.0,0,0,"""112059""",0.0,B94,S
218,1,2,"""Becker, Miss. Marion Louise""",female,4.0,2,1,"""230136""",39.0,F4,S
55,0,2,"""Wright, Miss. Marion""",female,26,0,0,"""112058""",13.0,B30,S
302,0,2,"""McCrie, Mr. James Matthew""",male,30.0,0,0,"""233478""",13.0,"""""",S
562,0,3,"""Sivic, Mr. Husein""",male,40.0,0,0,349251,7.8958,"""""",S
237,0,2,"""Hold, Mr. Stephen""",male,44.0,1,0,26707,26.0,"""""",S
312,1,2,"""Davies, Master. John Morgan Jr""",male,8,1,1,"""C.A. 33112""",36.75,"""""",S
232,0,3,"""Larsson, Mr. Bengt Edvin""",male,29.0,0,0,"""347067""",7.775,NaN,S
315,1,2,"""Hart, Miss. Eva Miriam""",female,7.0,0,2,"""F.C.C. 13529""",26.25,"""""",S
153,0,3,"""Olsen, Mr. Ole Martin""",male,27.0,0,0,"""Fa 265302""",7.3125,"""""",S
152,0,3,"""Kelly, Mr. James""",male,44.0,0,0,367228,7.75,NaN,Q
524,0,3,"""Sage, Miss. Stella Anna""",female,NaN,8,2,"""CA. 2343""",69.55,NaN,S
162,1,2,"""Watt, Mrs. James (Elizabeth Inglis Milne)""",female,40,0,0,C.A. 33595,15.75,"""""",S
296,0,3,"""Hanna, Mr. Mansour""",male,23.5,0,0,"""2693""",7.2292,"""""","""C"""
104,0,3,"""Johansson, Mr. Gustaf Joel""",male,33,0,0,"""7540""",8.6542,"""""",S
415,0,3,"""Meek, Mrs. Thomas (Annie Louise Rowley)""",female,32.0,0,0,343095,8.05,NaN,S
413,0,3,"""Johansson, Mr. Erik""",male,22,0,0,"""349910""",7.775,"""""",S
547,0,2,"""Padro y Manent, Mr. Julian""",male,27.0,0,0,SC/PARIS 2146,13.8625,"""""",C
364,0,3,"""Asim, Mr. Adola""",male,35,0,0,SOTON/O.Q. 3101310,7.05,NaN,S
221,0,2,"""Harris, Mr. Walter""",male,30.0,0,0,"""W/C 14208""",10.5,NaN,S
306,1,1,"""Allison, Miss. Helen Loraine""",female,2,1,2,113781,151.55,C22 C26,S
537,0,1,"Butt, Major. Archibald Willingham",male,45.0,0,0,113050,26.55,B38,S
237,0,2,"""Hold, Mr. Stephen""",male,44.0,1,0,26707,26.0,NaN,S
287,1,3,"""de Mulder, Mr. Theodore""",male,30.0,0,0,"""348123""",9.5,"""F G63""",S
241,1,3,"""Zabour, Miss. Thamine""",female,NaN,1,0,"""2666""",14.4542,NaN,C
512,0,3,"""Smith, Mr. John""",male,24.0,0,0,"""A/5 21171""",7.25,"""""",S
413,0,3,"""Johnson, Mr. Alfred""",male,27.0,0,0,"""LINE""",0.0,"""""",S
223,0,3,"""Green, Mr. George""",male,51,0,0,STON/O 2. 3101286,7.925,NaN,S
274,0,3,"""Vander Planke, Mr. Leo Edmondus""",male,16.0,2,0,"""345764""",18.0,"""""",S
204,0,3,"""Youseff, Mr. Gerious""",male,45.5,0,0,"""2628""",7.225,"""""",C
383,0,3,"""Tikkanen, Mr. Juho""",male,32,0,0,"""STON/O 2. 3101293""",7.925,"""""",S
105,0,3,"""Gustafsson, Mr. Anders Vilhelm""",male,37,2,0,"""3101276""",7.925,"""""",S
362,0,2,"""del Carlo, Mr. Sebastiano""",male,29,1,0,SC 14888,26.0,"""""",C
124,1,2,"""Webber, Miss. Susan""",female,32.5,0,0,"""27267""",13.0,E101,S
246,0,1,"""Minahan, Dr. William Edward""",male,44,2,0,19928,90.0,C78,S
231,1,3,"""Smith, Miss. Mary""",female,18,0,2,349242,7.775,NaN,S
156,0,3,"""Williams, Mr. Charles Eugene""",male,23.0,0,0,"""376566""",16.1,null,S
538,0,1,"""Hilliard, Mr. Herbert Henry""",male,45.0,0,0,17463,51.8625,E46,S
523,0,3,"""Johnson, Mr. Alfred""",male,49,0,0,"""347464""",7.8542,"""""",S
372,0,3,"""Wiklund, Mr. Jakob Alfred""",male,18,1,0,3101267,6.4958,"""""",S
249,1,1,"Carter, Rev. Ernest Courtenay",male,54,0,0,244252,26.0,C92,S
350,0,3,"""Dimic, Mr. Jovan""",male,42.0,0,0,"""315088""",8.6625,"""""",S
105,0,3,"""Gustafsson, Mr. Anders Vilhelm""",male,37,2,0,3101276,7.925,NaN,S
157,0,3,"""Williams, Mr. Charles Eugene""",male,NaN,0,0,"""244373""",13.0,NaN,S
354,0,3,"""Yousif, Mr. Wazli""",male,23.0,0,0,"""2647""",7.225,"""""",C
340,1,3,"""Fischer, Mrs. Eberhard (Wilhelmina)""",female,30,1,0,348123,7.65,F G73,S
248,1,2,"""Hamalainen, Mrs. William (Anna)""",female,24.0,0,2,250649,14.5,"""""",S
362,0,2,"""del Carlo, Mr. Sebastiano""",male,29.0,1,0,SC/PARIS 2167,27.7208,NaN,C
368,1,3,"""McGovern, Miss. Mary""",female,22,0,0,330931,7.8792,NaN,Q
102,0,3,"""Pettersson, Miss. Ellen Natalia""",female,18,0,0,347088,7.775,N/A,S
431,1,1,"""Bjornstrom-Steffansson, Mr. Mauritz Hakan""",male,28.0,0,0,110564,26.55,C52,S
164,0,3,"""Bengtsson, Mr. John Viktor""",male,26,0,0,"""347068""",7.775,"""""","""S"""
369,1,3,"""Jermyn, Miss. Annie""",female,22,0,0,"""14313""",7.75,"""""",Q
573,1,3,"""Kelly, Miss. Mary""",female,22.0,0,0,"""14311""",7.75,"""""",Q
263,0,1,"""Taussig, Mr. Emil""",male,52.0,1,1,"""110413""",79.65,E67,S
319,1,1,"""Wick, Miss. Mary Natalie""",female,31,0,2,36928,164.8667,C7,S
45,0,3,"""Rogers, Mr. William John""",male,30.0,0,0,"""S.C./A.4. 23567""",8.05,"""""",S
583,0,2,"""Downton, Mr. William James""",male,54.0,0,0,"""28403""",26.0,"""""",S
332,0,1,"""Partner, Mr. Austen""",male,45.5,0,0,"""113043""",28.5,C124,S
378,0,3,"""Betros, Mr. Tannous""",male,20.0,0,0,"""2648""",4.0125,"""""","""C"""
431,1,1,"""Bjornstrom-Steffansson, Mr. Mauritz Hakan""",male,28.0,0,0,110564,26.55,C52,S
562,0,3,"""Sivic, Mr. Husein""",male,40.0,0,0,349251,7.8958,NaN,S
267,0,3,"""Persson, Mr. Ernst Ulrik""",male,25.0,1,0,"""347083""",7.775,"""""",S
249,1,1,"""Carter, Rev. Ernest Courtenay""",male,54.0,1,0,"""244252""",26.0,C123,S
342,1,2,"""Collander, Mr. Erik Gustaf""",male,28.0,0,0,"""248740""",13.0,"""""",S
357,1,2,"""Funk, Miss. Annie Clemmer""",female,38,0,0,"""237671""",13.0,"""""",S
248,1,2,"""Hamalainen, Mrs. William (Anna)""",female,24.0,0,2,250649,14.5,"""""",S
238,1,2,"""Collyer, Miss. Marjorie""",female,8,0,2,"""C.A. 31921""",26.25,"""""",S
356,1,1,"""Bowerman, Miss. Elsie Edith""",female,22,0,1,113505,55.0,E33,S
342,1,2,"""Collander, Mr. Erik Gustaf""",male,28.0,0,0,248740,13.0,B18,S
302,0,2,"""McCrie, Mr. James Matthew""",male,30.0,0,0,"""233478""",13.0,null,S
248,1,2,"""Hamalainen, Mrs. William (Anna)""",female,24.0,0,2,250649,14.5,"""""",S
642,1,1,"""Sagesser, Mlle. Emma""",female,24.0,0,0,PC 17477,69.3,B35,C
321,0,3,"""Dennis, Mr. Samuel""",male,22.0,0,0,A/5 21172,7.25,NaN,S
254,0,3,"""Lobb, Mr. William Arthur""",male,30,1,0,"""A/5. 3336""",16.1,"""""",S
358,0,2,"""Gaskell, Mr. Alfred""",male,16.0,0,0,"""S.O.C. 14879""",73.5,"""""",S
497,0,3,"""Shellard, Mr. Frederick William""",male,32.0,0,0,"""C.A. 6212""",15.1,"""""",S
448,1,3,"""Davison, Mrs. Thomas Henry (Mary E Finck)""",female,34.0,1,0,"""386525""",16.1,"""""",S
248,0,3,"""Larsson, Mr. August Viktor""",male,29,0,0,"""347069""",7.775,"""""",S
317,1,2,"""Kantor, Mrs. Sinai (Miriam Sternin)""",female,24.0,1,0,244367,26.0,NaN,S
245,0,3,"""Smith, Mr. John""",male,28.0,0,0,A/5 21171,7.25,"""""",S
297,0,3,"""Caram, Mr. Joseph""",male,28.0,1,0,"""2689""",14.4583,"""""","""C"""
245,0,3,"""Attalah, Mr. Sleiman""",male,30.0,0,0,2694,7.225,NaN,C
543,0,3,"""Andersson, Miss. Sigrid Elisabeth""",female,11,4,2,"""347082""",31.275,"""""",S
431,1,1,"""Björnström-Steffansson, Mr. Mauritz Hakan""",male,28,0,0,110564,26.55,C52,S
387,0,3,"""Goodwin, Master. Sidney Leonard""",male,1.0,5,2,"""CA 2144""",46.9,"""""",S
328,1,2,"""Ball, Mrs. (Ada E. Hall)""",female,36,0,0,28551,13,D,S
342,1,2,"""Collander, Mr. Erik Gustaf""",male,28.0,0,0,"""248740""",13.0,"""""",S
569,0,3,"""Palsson, Miss. Stina Viola""",female,3,3,1,349909,21.075,"""""",S
423,0,3,"""Doherty, Miss. Bridget""",female,18,0,0,"""330932""",7.75,"""""",Q
367,1,3,"""Moussa, Mrs. (Mantoura Boulos)""",female,35,0,0,2626,7.2292,"""""",C
148,0,3,"""Ford, Miss. Robina Maggie 'Ruby'""",female,9.0,2,2,W./C. 6608,34.375,NaN,S
527,0,2,"""Reeves, Mr. David""",male,36,0,0,"""C.A. 31026""",10.5,"""""",S
587,1,2,"""Wells, Miss. Joan""",female,4.0,1,1,29103,23.0,NaN,S
241,0,3,"""Zabour, Miss. Thamine""",female,NaN,1,0,"""2665""",14.4542,NaN,C
415,0,3,"""Meek, Mrs. Thomas (Annie Louise Rowley)""",female,32,0,0,343095,8.05,NaN,S
147,0,3,"""Andersson, Mr. August Edvard""",male,27.0,0,0,"""347082""",7.775,"""""",S
342,1,2,"'Collander, Mr. Erik Gustaf'",'male',28.0,0,0,'248740',13.0,'','S'
568,0,3,"""Palsson, Mrs. Nils (Alma Cornelia Berglund)""",female,29,0,4,349909,21.075,NaN,S
48,0,3,"""O'Sullivan, Miss. Bridget Mary""",female,NaN,0,0,330909,7.6292,NaN,Q
342,1,2,"""Collander, Mr. Erik Gustaf""",male,28.0,0,0,248740,13.0,"""""",S
342,1,2,"""Collander, Mr. Erik Gustaf""",male,28.0,0,0,"""248740""",13.0,"""""","""S"""
13,0,3,"Andersson, Mr. Anders Johan",male,39.0,1,5,347082,31.275,NaN,S
42,1,2,"""Johnson, Mrs. Oscar W (Elisabeth Vilhelmina Berg)""",female,27,0,2,347742,11.1333,"""""",S
384,0,3,"""Miss. Mary Agatha Glynn""",female,19,0,0,"""335677""",7.75,"""""",Q
638,0,3,"""Johnston, Miss. Catherine Helen""",female,NaN,1,2,W./C. 6607,23.45,NaN,S
267,0,3,"""Persson, Mr. Ernst Ulrik""",male,18,1,0,"""347083""",7.775,"""""",S
421,0,3,"""Gheorgheff, Mr. Stanio""",male,22.0,0,0,349254,7.8958,"""""",C
351,0,3,"""Odahl, Mr. Nils Martin""",male,23,0,0,"""7267""",9.225,"""""",S
365,0,3,"""Adahl, Mr. Mauritz Nils Martin""",male,30.0,0,0,"""C 7076""",7.25,"""""","""S"""
105,1,3,"""Gustafsson, Mr. Anders Vilhelm""",male,37,2,0,"""3101276""",7.925,"""""",S
286,1,3,"""Dorking, Mr. Edward Arthur""",male,19.0,0,0,A/5. 10482,8.05,"""""",S
315,1,2,"""Hart, Miss. Eva Miriam""",female,7,0,2,"""F.C.C. 13529""",26.25,"""""",S
375,0,3,"Carlsson, August Sigfrid",male,28,0,0,350042,7.7958,,S
379,0,3,"""Betros, Mr. Tannous""",male,20.0,0,0,2648,4.0125,NaN,C
384,0,2,"""Hocking, Mr. Richard George""",male,23,2,1,"""29104""",11.5,"""""",S
371,1,1,"""Harder, Mr. George Achilles""",male,25,1,0,PC 17604,82.1708,NaN,C
342,1,2,"Collander, Mr. Erik Gustaf",male,28.0,0,0,248740,13.0,NaN,S
583,0,2,"""Downton, Mr. William James""",male,54.0,0,0,"""28403""",26.0,"""""",S
573,1,3,"""Kelly, Miss. Mary""",female,22.0,0,0,"""14312""",7.75,"""""",Q
45,0,3,"""Rogers, Mr. William John""",male,30,0,0,"""S.C./A.4. 23567""",8.05,"""""",S
539,0,3,"""Mangan, Miss. Mary""",female,30.5,0,0,364850,7.75,NaN,Q
398,0,2,"""McKane, Mr. Peter David""",male,46.0,0,0,"""28403""",26.0,"""""","""S"""
364,0,3,"""Asim, Mr. Adola""",male,35,0,0,"""SOTON/O.Q. 3101310""",7.05,NaN,S
488,0,1,"""Kent, Mr. Edward Austin""",male,58.0,0,0,11771,29.7,B37,C
529,0,3,"""Salonen, Mr. Johan Werner""",male,39.0,0,0,"""3101286""",7.925,"""""",S
42,0,3,"""Mr. William Henry Turpin""",male,29.0,1,0,"""A/5 21171""",7.25,NaN,S
283,0,3,"Dorking, Mr. Edward Arthur",male,19.0,0,0,A/5 21172,7.25,NaN,S
