Age,WorkClass,fnlwgt,Education,EducationNum,MaritalStatus,Occupation,Relationship,Race,Gender,CapitalGain,CapitalLoss
28,Private,84547,Bachelors,13,Married-civ-spouse,Tech-support,Husband,White,Male,0,0
33,Private,216145,HS-grad,9,Married-civ-spouse,Craft-repair,Husband,White,Male,0,0
60,Private,232618,Bachelors,13,Married-civ-spouse,Exec-managerial,Husband,White,Male,0,0
35,Private,172845,Assoc-voc,11,Never-married,Other-service,Unmarried,White,Female,0,0
49,State-gov,216734,Prof-school,15,Divorced,Exec-managerial,Not-in-family,White,Female,0,0
50,State-gov,116211,Prof-school,15,Married-civ-spouse,Exec-managerial,Husband,White,Male,0,0
18,Private,165532,Some-college,10,Never-married,Sales,Own-child,White,Male,0,0
23,?,281668,10th,6,Never-married,?,Own-child,Black,Female,0,0
37,Private,324019,Assoc-acdm,12,Never-married,Adm-clerical,Not-in-family,White,Female,0,0
26,Private,238768,HS-grad,9,Married-civ-spouse,Machine-op-inspct,Husband,White,Male,0,0
28,Private,182344,HS-grad,9,Never-married,Other-service,Not-in-family,Black,Male,0,0
41,Federal-gov,106982,Some-college,10,Divorced,Prof-specialty,Unmarried,White,Female,0,0
36,Private,290409,Some-college,10,Married-civ-spouse,Transport-moving,Husband,White,Male,0,0
47,Private,357848,HS-grad,9,Married-civ-spouse,Craft-repair,Husband,White,Male,0,0
24,State-gov,211049,7th-8th,4,Never-married,Tech-support,Unmarried,White,Female,0,0
53,Private,278114,7th-8th,4,Married-civ-spouse,Exec-managerial,Husband,White,Male,0,0
33,Private,238912,Doctorate,16,Married-civ-spouse,Prof-specialty,Husband,White,Male,0,0
59,Local-gov,93211,Bachelors,13,Married-civ-spouse,Exec-managerial,Wife,White,Female,0,0
52,Private,259583,HS-grad,9,Married-civ-spouse,Adm-clerical,Husband,White,Male,0,0
31,Private,33117,HS-grad,9,Divorced,Exec-managerial,Not-in-family,White,Male,0,0
38,Private,111499,HS-grad,9,Married-civ-spouse,Sales,Husband,White,Male,0,0
19,?,291509,12th,8,Never-married,?,Own-child,White,Male,0,0
25,Private,302465,12th,8,Never-married,Machine-op-inspct,Not-in-family,White,Male,0,0
60,Local-gov,195453,Assoc-voc,11,Married-civ-spouse,Exec-managerial,Husband,White,Male,0,0
69,?,199591,Prof-school,15,Married-civ-spouse,?,Wife,White,Female,0,0
24,Private,184756,Bachelors,13,Never-married,Exec-managerial,Not-in-family,White,Female,0,0
42,Private,198096,Some-college,10,Married-civ-spouse,Other-service,Husband,White,Male,0,0
46,Local-gov,175428,Masters,14,Married-civ-spouse,Prof-specialty,Husband,White,Male,0,0
46,Self-emp-inc,216414,Masters,14,Married-civ-spouse,Sales,Husband,White,Male,0,0
20,Private,223811,HS-grad,9,Never-married,Handlers-cleaners,Not-in-family,White,Male,0,0
55,Self-emp-not-inc,53566,Doctorate,16,Divorced,Exec-managerial,Not-in-family,White,Female,0,0
28,Private,128509,5th-6th,3,Never-married,Machine-op-inspct,Not-in-family,White,Female,0,0
44,Private,150076,HS-grad,9,Never-married,Other-service,Not-in-family,White,Male,0,0
34,Private,226443,Prof-school,15,Married-civ-spouse,Prof-specialty,Husband,White,Male,0,0
33,Private,168981,Masters,14,Divorced,Exec-managerial,Own-child,White,Female,14084,0
26,Private,302097,HS-grad,9,Married-civ-spouse,Machine-op-inspct,Husband,White,Male,3464,0
43,Self-emp-not-inc,396758,Bachelors,13,Married-civ-spouse,Prof-specialty,Wife,White,Female,0,0
30,Private,131588,HS-grad,9,Never-married,Craft-repair,Not-in-family,Black,Female,0,0
71,?,205011,Some-college,10,Married-civ-spouse,?,Husband,White,Male,0,0
64,Self-emp-inc,132832,HS-grad,9,Married-civ-spouse,Adm-clerical,Wife,White,Female,20051,0
21,Private,143582,Bachelors,13,Never-married,Prof-specialty,Own-child,Asian-Pac-Islander,Female,0,0
23,Private,170482,Some-college,10,Never-married,Sales,Own-child,White,Male,0,0
38,Private,266645,Masters,14,Married-civ-spouse,Exec-managerial,Husband,White,Male,0,0
25,State-gov,180884,Some-college,10,Married-civ-spouse,Adm-clerical,Wife,Black,Female,0,0
62,Private,149617,Some-college,10,Widowed,Exec-managerial,Not-in-family,White,Female,0,0
60,Self-emp-not-inc,193038,Some-college,10,Married-civ-spouse,Farming-fishing,Husband,White,Male,0,0
66,Self-emp-not-inc,104576,Bachelors,13,Married-civ-spouse,Exec-managerial,Husband,White,Male,0,0
42,Private,319016,HS-grad,9,Married-civ-spouse,Transport-moving,Husband,White,Male,2885,0
37,Private,143058,Some-college,10,Married-civ-spouse,Craft-repair,Husband,White,Male,0,0
40,Private,287008,Prof-school,15,Married-civ-spouse,Prof-specialty,Husband,White,Male,15024,0
34,Local-gov,144182,Preschool,1,Never-married,Adm-clerical,Own-child,Black,Female,0,0
33,Private,92865,Some-college,10,Never-married,Adm-clerical,Own-child,White,Female,0,0
52,Self-emp-inc,114758,Bachelors,13,Married-civ-spouse,Sales,Husband,White,Male,15024,0
25,Private,34541,Assoc-voc,11,Never-married,Prof-specialty,Not-in-family,White,Female,0,0
42,Private,185057,HS-grad,9,Separated,Adm-clerical,Unmarried,White,Female,0,0
36,Private,169926,HS-grad,9,Divorced,Sales,Not-in-family,White,Female,0,0
21,Private,229826,Some-college,10,Married-civ-spouse,Machine-op-inspct,Husband,White,Male,0,0
42,State-gov,190044,Bachelors,13,Married-civ-spouse,Exec-managerial,Husband,White,Male,15024,0
28,?,169631,Assoc-acdm,12,Married-AF-spouse,?,Wife,White,Female,0,0
19,?,204868,HS-grad,9,Married-civ-spouse,?,Wife,White,Female,0,0
45,?,51164,Some-college,10,Married-civ-spouse,?,Wife,Black,Female,0,0
37,Private,109133,Assoc-acdm,12,Married-civ-spouse,Sales,Husband,White,Male,0,0
33,Self-emp-inc,132601,HS-grad,9,Married-civ-spouse,Craft-repair,Husband,White,Male,0,0
53,Private,139671,Some-college,10,Married-civ-spouse,Craft-repair,Husband,White,Male,0,0
36,Self-emp-inc,183898,Bachelors,13,Divorced,Sales,Not-in-family,White,Male,0,0
29,Local-gov,273771,Masters,14,Never-married,Prof-specialty,Not-in-family,White,Male,0,0
36,Private,187167,Assoc-acdm,12,Married-civ-spouse,Sales,Wife,White,Female,0,0
49,Private,101320,Assoc-acdm,12,Married-civ-spouse,Sales,Wife,White,Female,0,0
35,Private,215310,11th,7,Divorced,Handlers-cleaners,Other-relative,White,Male,0,0
54,Private,188186,HS-grad,9,Never-married,Other-service,Other-relative,White,Female,0,0
18,Private,31983,12th,8,Never-married,Adm-clerical,Own-child,White,Female,0,0
47,Self-emp-inc,205100,HS-grad,9,Married-civ-spouse,Prof-specialty,Husband,White,Male,0,0
39,Private,29814,HS-grad,9,Married-civ-spouse,Craft-repair,Husband,White,Male,0,0
61,Private,147280,Masters,14,Married-civ-spouse,Exec-managerial,Husband,White,Male,0,0
43,Private,59107,HS-grad,9,Separated,Other-service,Not-in-family,White,Female,4101,0
27,Local-gov,92431,Some-college,10,Never-married,Protective-serv,Not-in-family,White,Male,0,0
23,Federal-gov,163870,Some-college,10,Never-married,Armed-Forces,Other-relative,White,Male,0,0
28,Private,69847,Bachelors,13,Never-married,Adm-clerical,Own-child,Asian-Pac-Islander,Female,0,0
45,Local-gov,318280,Some-college,10,Married-civ-spouse,Prof-specialty,Husband,White,Male,7688,0
21,Private,131620,HS-grad,9,Married-spouse-absent,Machine-op-inspct,Own-child,White,Female,0,0
47,Private,103020,7th-8th,4,Married-civ-spouse,Machine-op-inspct,Wife,Other,Female,0,0
21,Private,222993,HS-grad,9,Never-married,Machine-op-inspct,Own-child,White,Male,0,0
18,?,261276,Some-college,10,Never-married,?,Own-child,Black,Female,0,0
35,Private,241001,HS-grad,9,Married-civ-spouse,Machine-op-inspct,Husband,White,Male,0,0
48,Self-emp-not-inc,58683,Some-college,10,Married-civ-spouse,Sales,Husband,White,Male,0,0
69,Private,185691,11th,7,Married-civ-spouse,Adm-clerical,Husband,White,Male,0,0
45,Local-gov,140644,Bachelors,13,Divorced,Protective-serv,Not-in-family,White,Male,0,0
35,Self-emp-inc,189404,Some-college,10,Married-civ-spouse,Sales,Husband,White,Male,0,0
43,?,405374,Some-college,10,Separated,?,Not-in-family,Black,Male,0,0
61,Local-gov,34632,Bachelors,13,Divorced,Other-service,Not-in-family,White,Male,0,0
57,Private,278228,Bachelors,13,Married-civ-spouse,Exec-managerial,Husband,White,Male,0,0
44,Private,214415,Some-college,10,Separated,Prof-specialty,Unmarried,Black,Female,0,0
47,Self-emp-inc,101926,Bachelors,13,Divorced,Exec-managerial,Not-in-family,White,Male,0,0
48,Private,349986,Assoc-voc,11,Married-spouse-absent,Prof-specialty,Not-in-family,White,Male,0,0
54,Private,163826,HS-grad,9,Never-married,Prof-specialty,Not-in-family,White,Male,0,0
19,Private,100009,HS-grad,9,Never-married,Craft-repair,Not-in-family,White,Female,0,0
50,Private,104729,HS-grad,9,Divorced,Machine-op-inspct,Other-relative,White,Female,0,0
31,Private,149507,Assoc-voc,11,Married-civ-spouse,Craft-repair,Husband,White,Male,3464,0
33,Private,163003,Bachelors,13,Never-married,Exec-managerial,Other-relative,Asian-Pac-Islander,Female,0,0
57,Private,201112,Assoc-acdm,12,Divorced,Adm-clerical,Not-in-family,Black,Female,0,0
44,Private,116632,Assoc-acdm,12,Never-married,Farming-fishing,Own-child,White,Male,0,0
21,Private,306114,Some-college,10,Never-married,Adm-clerical,Own-child,White,Male,0,0
52,Private,213209,Some-college,10,Married-civ-spouse,Craft-repair,Husband,White,Male,0,0
38,Private,222450,Some-college,10,Separated,Exec-managerial,Unmarried,White,Male,0,0
51,Private,274502,7th-8th,4,Divorced,Machine-op-inspct,Not-in-family,White,Female,0,0
39,Federal-gov,103984,Bachelors,13,Divorced,Exec-managerial,Unmarried,Black,Female,0,0
57,?,176897,HS-grad,9,Married-civ-spouse,?,Husband,White,Male,0,0
61,Private,176839,HS-grad,9,Married-civ-spouse,Machine-op-inspct,Husband,White,Male,0,0
24,Private,51973,Bachelors,13,Never-married,Adm-clerical,Not-in-family,White,Female,0,0
24,Private,127139,Some-college,10,Never-married,Adm-clerical,Own-child,White,Female,0,0
23,State-gov,279243,Some-college,10,Never-married,Protective-serv,Not-in-family,White,Male,0,0
25,Private,27411,Bachelors,13,Divorced,Sales,Not-in-family,White,Female,0,0
59,Local-gov,196013,Bachelors,13,Married-civ-spouse,Prof-specialty,Husband,White,Male,0,0
55,Private,92215,HS-grad,9,Divorced,Adm-clerical,Not-in-family,White,Female,0,0
53,Private,135840,Bachelors,13,Married-civ-spouse,Prof-specialty,Husband,White,Male,0,0
43,Private,178417,Bachelors,13,Divorced,Prof-specialty,Not-in-family,White,Male,0,0
20,Private,157595,Some-college,10,Never-married,Handlers-cleaners,Not-in-family,White,Male,0,0
50,State-gov,238187,Bachelors,13,Divorced,Adm-clerical,Not-in-family,Black,Female,0,0
45,Private,178319,Doctorate,16,Married-civ-spouse,Prof-specialty,Husband,White,Male,7688,0
34,Private,208043,Assoc-voc,11,Married-civ-spouse,Prof-specialty,Husband,White,Male,7298,0
23,Private,595461,7th-8th,4,Never-married,Craft-repair,Not-in-family,White,Male,0,0
30,Private,185177,11th,7,Never-married,Handlers-cleaners,Own-child,White,Male,0,0
54,Local-gov,137691,HS-grad,9,Married-civ-spouse,Craft-repair,Husband,White,Male,0,0
22,Private,85389,HS-grad,9,Never-married,Tech-support,Own-child,White,Male,0,0
35,Private,174856,HS-grad,9,Married-civ-spouse,Transport-moving,Husband,White,Male,2885,0
42,Private,153132,Bachelors,13,Divorced,Sales,Unmarried,White,Male,0,0
51,Private,270194,9th,5,Married-civ-spouse,Transport-moving,Husband,White,Male,0,0
45,Local-gov,33798,Masters,14,Never-married,Prof-specialty,Not-in-family,White,Female,0,0
52,Local-gov,152795,HS-grad,9,Married-civ-spouse,Protective-serv,Husband,White,Male,0,0
41,Private,179580,Some-college,10,Divorced,Other-service,Not-in-family,White,Female,0,0
41,Private,194710,HS-grad,9,Never-married,Exec-managerial,Not-in-family,White,Female,0,0
32,Private,283400,HS-grad,9,Never-married,Machine-op-inspct,Not-in-family,White,Female,0,0
44,Private,183342,Prof-school,15,Married-civ-spouse,Exec-managerial,Husband,White,Male,0,0
32,Private,127895,Some-college,10,Never-married,Exec-managerial,Unmarried,Black,Female,0,0
55,Private,147098,HS-grad,9,Married-civ-spouse,Craft-repair,Husband,White,Male,0,0
45,Private,31339,Bachelors,13,Married-civ-spouse,Adm-clerical,Husband,White,Male,0,0
35,Private,341102,9th,5,Never-married,Handlers-cleaners,Not-in-family,Black,Male,0,0
33,Private,69311,HS-grad,9,Never-married,Handlers-cleaners,Not-in-family,White,Male,0,0
26,Private,227332,Bachelors,13,Never-married,Transport-moving,Unmarried,Asian-Pac-Islander,Male,0,0
21,Private,275395,Some-college,10,Never-married,Craft-repair,Own-child,White,Male,0,0
31,Private,215047,Bachelors,13,Never-married,Adm-clerical,Not-in-family,White,Male,0,0
34,Private,207301,HS-grad,9,Divorced,Machine-op-inspct,Unmarried,White,Female,0,0
20,?,168863,Some-college,10,Never-married,?,Own-child,White,Female,0,0
58,Private,205896,HS-grad,9,Divorced,Sales,Other-relative,White,Female,0,0
58,Private,239523,HS-grad,9,Married-civ-spouse,Exec-managerial,Husband,White,Male,0,0
44,Private,159297,HS-grad,9,Married-civ-spouse,Exec-managerial,Wife,Asian-Pac-Islander,Female,0,0
22,Private,204160,HS-grad,9,Divorced,Machine-op-inspct,Own-child,White,Female,0,0
63,Self-emp-not-inc,29859,7th-8th,4,Married-civ-spouse,Farming-fishing,Husband,White,Male,7688,0
47,Private,274720,5th-6th,3,Married-civ-spouse,Other-service,Husband,Black,Male,0,0
59,Private,368005,11th,7,Married-civ-spouse,Craft-repair,Husband,White,Male,0,0
29,Private,131088,Some-college,10,Married-civ-spouse,Exec-managerial,Husband,White,Male,0,0
43,Private,75993,Some-college,10,Married-civ-spouse,Sales,Husband,White,Male,7688,0
20,?,238685,11th,7,Divorced,?,Not-in-family,White,Female,0,0
20,Private,218215,Some-college,10,Never-married,Adm-clerical,Own-child,White,Female,0,0
56,Private,121362,Bachelors,13,Divorced,Other-service,Not-in-family,White,Female,0,0
39,Self-emp-inc,372525,Masters,14,Married-civ-spouse,Exec-managerial,Husband,White,Male,0,0
58,Private,98725,Doctorate,16,Married-civ-spouse,Prof-specialty,Husband,White,Male,0,0
64,?,286732,7th-8th,4,Widowed,?,Not-in-family,White,Female,0,0
25,Private,419658,HS-grad,9,Never-married,Other-service,Own-child,White,Female,0,0
50,?,23780,Masters,14,Married-spouse-absent,?,Other-relative,White,Male,0,0
36,Private,200360,Some-college,10,Never-married,Craft-repair,Not-in-family,White,Male,0,0
22,State-gov,293364,Some-college,10,Never-married,Protective-serv,Own-child,Black,Female,0,0
47,Local-gov,265097,HS-grad,9,Married-civ-spouse,Other-service,Husband,White,Male,4386,0
36,Private,207853,HS-grad,9,Divorced,Craft-repair,Own-child,White,Male,0,0
28,Private,410450,Bachelors,13,Divorced,Other-service,Unmarried,White,Female,0,0
64,Private,133144,HS-grad,9,Married-civ-spouse,Transport-moving,Husband,White,Male,0,0
20,Private,411862,Assoc-voc,11,Never-married,Other-service,Not-in-family,White,Male,0,0
40,Private,116632,Bachelors,13,Divorced,Sales,Own-child,White,Male,0,0
52,Private,160703,Doctorate,16,Married-civ-spouse,Prof-specialty,Husband,White,Male,0,0
51,Self-emp-inc,28765,Prof-school,15,Married-civ-spouse,Prof-specialty,Husband,White,Male,0,0
46,Self-emp-not-inc,368561,Assoc-acdm,12,Divorced,Craft-repair,Not-in-family,White,Male,0,0
22,Private,185452,Bachelors,13,Never-married,Exec-managerial,Own-child,White,Female,0,0
32,Private,143604,10th,6,Married-spouse-absent,Other-service,Not-in-family,Black,Female,0,0
32,Private,496743,Bachelors,13,Never-married,Prof-specialty,Own-child,White,Male,0,0
28,Private,95725,Assoc-voc,11,Never-married,Handlers-cleaners,Not-in-family,White,Male,0,0
29,Private,209472,HS-grad,9,Married-civ-spouse,Machine-op-inspct,Husband,White,Male,0,0
40,State-gov,390781,HS-grad,9,Divorced,Other-service,Not-in-family,Black,Female,0,0
26,Self-emp-not-inc,68729,HS-grad,9,Never-married,Sales,Other-relative,Asian-Pac-Islander,Male,0,0
45,Private,148549,Some-college,10,Divorced,Craft-repair,Not-in-family,White,Male,27828,0
38,Private,27997,Assoc-voc,11,Divorced,Craft-repair,Not-in-family,White,Male,0,0
32,Federal-gov,386877,Assoc-voc,11,Never-married,Tech-support,Own-child,Black,Male,4650,0
51,Private,191965,HS-grad,9,Widowed,Other-service,Unmarried,White,Female,0,0
31,State-gov,440129,Some-college,10,Divorced,Protective-serv,Not-in-family,White,Male,0,0
36,Private,237943,Masters,14,Married-civ-spouse,Exec-managerial,Husband,White,Male,15024,0
53,Federal-gov,225339,Some-college,10,Widowed,Adm-clerical,Not-in-family,Black,Female,0,0
49,Self-emp-inc,94606,Doctorate,16,Married-civ-spouse,Prof-specialty,Husband,Black,Male,0,0
21,Private,247779,11th,7,Never-married,Sales,Own-child,White,Female,0,0
49,Private,125421,HS-grad,9,Married-civ-spouse,Craft-repair,Wife,White,Female,0,0
57,Local-gov,213975,HS-grad,9,Widowed,Other-service,Unmarried,White,Female,0,0
32,Private,188154,Some-college,10,Divorced,Machine-op-inspct,Unmarried,White,Female,0,0
27,Private,200928,Some-college,10,Never-married,Sales,Own-child,White,Male,0,0
68,Private,213720,HS-grad,9,Married-civ-spouse,Sales,Husband,White,Male,0,0
49,Private,87928,Assoc-voc,11,Married-civ-spouse,Craft-repair,Husband,White,Male,5013,0
45,State-gov,81853,Some-college,10,Married-civ-spouse,Adm-clerical,Wife,Asian-Pac-Islander,Female,0,0
29,Private,253856,Bachelors,13,Married-civ-spouse,Transport-moving,Husband,White,Male,0,0
51,?,130667,HS-grad,9,Separated,?,Not-in-family,Black,Male,0,0
57,State-gov,250976,HS-grad,9,Married-civ-spouse,Craft-repair,Husband,White,Male,0,0
49,Private,280525,Some-college,10,Married-civ-spouse,Adm-clerical,Husband,White,Male,0,0
29,Private,197618,HS-grad,9,Never-married,Adm-clerical,Not-in-family,White,Female,0,0
46,State-gov,162852,HS-grad,9,Divorced,Adm-clerical,Unmarried,White,Female,0,0
58,Self-emp-not-inc,95763,Some-college,10,Married-civ-spouse,Farming-fishing,Husband,White,Male,0,0
27,Private,29904,Bachelors,13,Never-married,Tech-support,Not-in-family,White,Female,0,0
23,Private,218215,Assoc-acdm,12,Never-married,Other-service,Own-child,White,Female,0,0
32,Private,390157,Bachelors,13,Never-married,Prof-specialty,Not-in-family,Black,Female,0,0
38,Private,23892,HS-grad,9,Married-civ-spouse,Machine-op-inspct,Wife,White,Female,0,0
18,Self-emp-inc,38307,11th,7,Never-married,Farming-fishing,Own-child,White,Male,0,0
39,Private,165215,Masters,14,Married-civ-spouse,Prof-specialty,Wife,White,Female,0,0
43,Self-emp-not-inc,311177,Some-college,10,Never-married,Transport-moving,Not-in-family,Black,Male,0,0
30,Private,375827,HS-grad,9,Never-married,Handlers-cleaners,Other-relative,White,Male,0,0
33,Private,341187,Bachelors,13,Married-civ-spouse,Exec-managerial,Husband,White,Male,0,0
28,Local-gov,214881,HS-grad,9,Married-civ-spouse,Craft-repair,Husband,White,Male,0,0
45,Federal-gov,320818,HS-grad,9,Married-civ-spouse,Adm-clerical,Husband,Black,Male,0,0
44,Private,165599,HS-grad,9,Married-civ-spouse,Machine-op-inspct,Husband,White,Male,0,0
44,Private,68729,Some-college,10,Married-civ-spouse,Sales,Husband,Asian-Pac-Islander,Male,0,0
25,Private,124111,Bachelors,13,Never-married,Adm-clerical,Own-child,White,Female,0,0
67,Self-emp-inc,411007,HS-grad,9,Widowed,Exec-managerial,Not-in-family,White,Female,15831,0
33,Private,261511,HS-grad,9,Married-civ-spouse,Craft-repair,Husband,White,Male,0,0
72,Private,284080,1st-4th,2,Divorced,Other-service,Not-in-family,Black,Male,0,0
18,Private,282609,5th-6th,3,Never-married,Handlers-cleaners,Other-relative,White,Male,0,0
46,Private,177114,Assoc-acdm,12,Widowed,Prof-specialty,Unmarried,White,Female,0,0
53,Private,103950,Masters,14,Divorced,Prof-specialty,Not-in-family,White,Female,0,0
57,Self-emp-inc,106103,Some-college,10,Married-civ-spouse,Tech-support,Husband,White,Male,0,0
21,Private,45607,Some-college,10,Never-married,Other-service,Own-child,White,Female,0,0
27,Private,115831,Some-college,10,Married-civ-spouse,Other-service,Husband,White,Male,0,0
60,Local-gov,202473,Assoc-voc,11,Married-civ-spouse,Other-service,Husband,White,Male,0,0
62,?,94931,Assoc-voc,11,Married-civ-spouse,?,Husband,White,Male,3411,0
46,Private,239439,HS-grad,9,Separated,Machine-op-inspct,Own-child,Black,Female,0,0
47,Private,146497,Some-college,10,Separated,Adm-clerical,Unmarried,White,Female,0,0
33,Federal-gov,319560,Assoc-voc,11,Divorced,Craft-repair,Unmarried,Black,Female,0,0
47,Private,137354,Some-college,10,Married-civ-spouse,Craft-repair,Husband,Amer-Indian-Eskimo,Male,0,0
28,Private,65171,Some-college,10,Married-civ-spouse,Adm-clerical,Husband,White,Male,0,0
48,Self-emp-not-inc,200471,Some-college,10,Married-civ-spouse,Craft-repair,Husband,White,Male,0,0
37,Local-gov,272471,HS-grad,9,Divorced,Adm-clerical,Unmarried,White,Female,0,0
25,Private,193051,HS-grad,9,Never-married,Exec-managerial,Own-child,White,Male,0,0
54,Private,231482,Bachelors,13,Married-civ-spouse,Exec-managerial,Husband,White,Male,0,0
31,Private,199883,12th,8,Divorced,Transport-moving,Own-child,White,Male,0,0
37,Private,260093,HS-grad,9,Never-married,Adm-clerical,Unmarried,Black,Female,0,0
30,Private,310889,Assoc-voc,11,Married-civ-spouse,Exec-managerial,Husband,White,Male,0,0
24,Private,653574,HS-grad,9,Never-married,Craft-repair,Own-child,White,Male,0,0
19,Private,93518,Some-college,10,Never-married,Sales,Own-child,White,Female,0,0
22,?,153131,Some-college,10,Never-married,?,Own-child,White,Male,0,0
75,Private,191446,1st-4th,2,Married-civ-spouse,Other-service,Other-relative,Black,Female,0,0
39,Private,82488,Some-college,10,Divorced,Sales,Unmarried,Asian-Pac-Islander,Female,0,0
27,Private,186454,Bachelors,13,Never-married,Prof-specialty,Not-in-family,Asian-Pac-Islander,Male,13550,0
33,Private,323619,Some-college,10,Never-married,Adm-clerical,Unmarried,White,Female,0,0
34,Private,499249,HS-grad,9,Married-spouse-absent,Handlers-cleaners,Not-in-family,White,Male,0,0
39,Private,110426,Assoc-acdm,12,Married-civ-spouse,Exec-managerial,Wife,White,Female,15024,0
41,Self-emp-not-inc,344329,HS-grad,9,Married-civ-spouse,Other-service,Husband,White,Male,0,0
39,Private,47871,Bachelors,13,Divorced,Exec-managerial,Unmarried,White,Female,0,0
25,State-gov,108542,Some-college,10,Married-civ-spouse,Protective-serv,Husband,White,Male,0,0
