Age,WorkClass,fnlwgt,Education,EducationNum,MaritalStatus,Occupation,Relationship,Race,Gender,CapitalGain,CapitalLoss,HoursPerWeek,NativeCountry
35,Private,240389,Some-college,10,Married-civ-spouse,Sales,Husband,White,Male,0,0,43,United-States
41,Local-gov,42346,Some-college,10,Divorced,Other-service,Not-in-family,Black,Female,0,0,24,United-States
60,Local-gov,48788,Bachelors,13,Separated,Prof-specialty,Unmarried,White,Female,5455,0,55,United-States
50,Local-gov,97449,Some-college,10,Married-civ-spouse,Protective-serv,Husband,White,Male,0,0,48,United-States
43,Private,187795,Bachelors,13,Married-civ-spouse,Exec-managerial,Husband,White,Male,0,0,45,United-States
64,Private,66634,Bachelors,13,Divorced,Exec-managerial,Unmarried,White,Male,27828,0,50,United-States
22,Private,324445,HS-grad,9,Never-married,Tech-support,Not-in-family,White,Female,0,0,40,United-States
21,?,85733,Some-college,10,Never-married,?,Own-child,White,Female,0,0,40,United-States
27,Private,81540,HS-grad,9,Married-civ-spouse,Craft-repair,Husband,White,Male,0,0,40,United-States
48,Private,119565,HS-grad,9,Married-civ-spouse,Craft-repair,Husband,White,Male,0,0,40,United-States
36,Private,150601,Prof-school,15,Married-civ-spouse,Prof-specialty,Husband,White,Male,0,0,50,United-States
47,Private,114459,Doctorate,16,Married-civ-spouse,Prof-specialty,Husband,White,Male,0,0,50,United-States
57,State-gov,25045,Bachelors,13,Divorced,Adm-clerical,Unmarried,White,Male,2174,0,37,United-States
65,Private,172510,Some-college,10,Widowed,Prof-specialty,Not-in-family,White,Female,1848,0,20,United-States
40,Private,109969,11th,7,Divorced,Other-service,Other-relative,White,Female,0,0,20,United-States
30,Private,261677,9th,5,Never-married,Handlers-cleaners,Unmarried,Black,Male,0,0,40,United-States
20,State-gov,161978,Some-college,10,Married-civ-spouse,Other-service,Husband,White,Male,0,0,20,United-States
44,Private,151089,Masters,14,Married-civ-spouse,Prof-specialty,Husband,White,Male,0,1887,60,United-States
29,Private,202878,7th-8th,4,Married-civ-spouse,Farming-fishing,Husband,White,Male,0,2042,40,United-States
25,Private,349190,Assoc-acdm,12,Never-married,Handlers-cleaners,Own-child,White,Male,0,0,20,United-States
51,Self-emp-inc,231230,Bachelors,13,Married-civ-spouse,Exec-managerial,Husband,White,Male,0,0,25,United-States
30,Private,137606,HS-grad,9,Married-civ-spouse,Transport-moving,Husband,White,Male,5013,0,40,United-States
63,?,424591,HS-grad,9,Married-civ-spouse,?,Husband,White,Male,0,0,40,United-States
60,Private,132529,HS-grad,9,Married-civ-spouse,Other-service,Husband,White,Male,0,0,40,United-States
48,State-gov,212954,Masters,14,Married-civ-spouse,Prof-specialty,Husband,White,Male,15024,0,40,United-States
34,State-gov,34104,Masters,14,Married-civ-spouse,Prof-specialty,Husband,White,Male,7688,0,38,United-States
50,Private,162632,HS-grad,9,Married-civ-spouse,Craft-repair,Husband,White,Male,0,0,2,United-States
48,Private,167009,Some-college,10,Divorced,Adm-clerical,Not-in-family,White,Female,0,0,48,United-States
25,Private,289980,HS-grad,9,Never-married,Handlers-cleaners,Not-in-family,White,Male,0,0,35,United-States
32,Private,188154,Some-college,10,Divorced,Machine-op-inspct,Unmarried,White,Female,0,0,40,United-States
26,Private,190650,Bachelors,13,Never-married,Adm-clerical,Own-child,Asian-Pac-Islander,Male,0,0,40,United-States
41,Private,286970,Bachelors,13,Married-civ-spouse,Adm-clerical,Husband,White,Male,0,0,40,United-States
22,Private,252355,HS-grad,9,Never-married,Other-service,Not-in-family,White,Male,0,0,27,United-States
40,Private,165309,Some-college,10,Married-civ-spouse,Transport-moving,Husband,White,Male,0,0,43,United-States
43,Federal-gov,115562,HS-grad,9,Married-civ-spouse,Machine-op-inspct,Husband,White,Male,0,0,40,United-States
39,Private,176296,Assoc-acdm,12,Married-civ-spouse,Protective-serv,Husband,Black,Male,0,0,60,United-States
37,?,319685,Assoc-voc,11,Married-civ-spouse,?,Husband,White,Male,0,0,54,United-States
55,Private,259532,7th-8th,4,Married-civ-spouse,Transport-moving,Husband,White,Male,0,0,50,United-States
39,Private,257942,Bachelors,13,Married-civ-spouse,Sales,Husband,White,Male,0,0,60,United-States
43,Private,237993,Some-college,10,Married-civ-spouse,Tech-support,Husband,White,Male,0,0,40,United-States
21,Private,307371,Some-college,10,Never-married,Protective-serv,Own-child,White,Male,0,0,15,United-States
54,Private,257869,Some-college,10,Separated,Other-service,Not-in-family,White,Male,0,0,28,United-States
45,Private,145636,Masters,14,Married-civ-spouse,Exec-managerial,Husband,White,Male,0,1977,43,United-States
48,Private,273828,5th-6th,3,Never-married,Handlers-cleaners,Not-in-family,White,Male,0,0,40,United-States
20,?,298155,Some-college,10,Never-married,?,Own-child,Black,Female,0,0,40,United-States
31,Local-gov,94991,HS-grad,9,Divorced,Other-service,Unmarried,Amer-Indian-Eskimo,Male,0,0,40,United-States
44,Private,421449,HS-grad,9,Divorced,Adm-clerical,Unmarried,White,Female,0,0,40,United-States
48,Private,41504,HS-grad,9,Married-civ-spouse,Transport-moving,Husband,White,Male,0,0,40,United-States
39,Private,191103,HS-grad,9,Never-married,Other-service,Not-in-family,White,Male,0,0,40,United-States
36,Private,162651,HS-grad,9,Separated,Adm-clerical,Not-in-family,White,Male,0,0,40,United-States
50,Private,230951,Bachelors,13,Married-civ-spouse,Sales,Husband,White,Male,0,0,40,United-States
47,Private,341762,HS-grad,9,Married-civ-spouse,Machine-op-inspct,Husband,White,Male,0,0,40,United-States
45,Private,34419,Bachelors,13,Never-married,Transport-moving,Not-in-family,White,Male,0,0,30,United-States
31,Self-emp-not-inc,268482,9th,5,Married-civ-spouse,Craft-repair,Husband,White,Male,0,0,40,United-States
31,Federal-gov,381645,Bachelors,13,Separated,Prof-specialty,Not-in-family,White,Male,0,0,40,United-States
71,Private,110380,HS-grad,9,Married-civ-spouse,Sales,Husband,White,Male,0,2467,52,United-States
20,Private,133515,Some-college,10,Never-married,Sales,Other-relative,White,Female,0,0,40,United-States
41,Private,320744,HS-grad,9,Never-married,Craft-repair,Not-in-family,White,Male,3325,0,50,United-States
32,Private,183811,HS-grad,9,Married-civ-spouse,Handlers-cleaners,Husband,White,Male,2829,0,40,United-States
56,Local-gov,255406,HS-grad,9,Divorced,Exec-managerial,Not-in-family,White,Female,0,0,40,United-States
36,Private,218015,Some-college,10,Married-civ-spouse,Machine-op-inspct,Husband,White,Male,0,0,48,United-States
42,Local-gov,255675,Some-college,10,Married-civ-spouse,Craft-repair,Husband,White,Male,0,0,40,United-States
22,Private,154713,HS-grad,9,Divorced,Sales,Own-child,White,Male,0,0,40,United-States
59,Private,100453,7th-8th,4,Separated,Other-service,Own-child,Black,Female,0,0,38,United-States
23,Private,133239,Assoc-voc,11,Never-married,Tech-support,Not-in-family,White,Female,0,0,40,United-States
36,Private,231082,Bachelors,13,Divorced,Prof-specialty,Not-in-family,White,Female,0,0,50,United-States
32,Private,168981,HS-grad,9,Never-married,Adm-clerical,Other-relative,White,Female,0,0,35,United-States
38,Private,273640,HS-grad,9,Never-married,Other-service,Unmarried,White,Female,0,0,40,United-States
34,Private,213226,Bachelors,13,Married-civ-spouse,Prof-specialty,Husband,White,Male,0,0,40,United-States
23,Private,103064,Bachelors,13,Never-married,Tech-support,Not-in-family,White,Female,0,0,40,United-States
20,Private,258517,Some-college,10,Never-married,Handlers-cleaners,Own-child,White,Male,0,0,25,United-States
43,Private,35210,Some-college,10,Divorced,Adm-clerical,Unmarried,White,Female,0,0,40,United-States
31,Private,197023,Assoc-voc,11,Married-civ-spouse,Machine-op-inspct,Husband,Amer-Indian-Eskimo,Male,0,0,40,United-States
49,Private,34446,Some-college,10,Married-civ-spouse,Transport-moving,Husband,White,Male,0,0,40,United-States
30,Self-emp-not-inc,113838,Assoc-voc,11,Married-civ-spouse,Sales,Husband,White,Male,3137,0,60,United-States
21,Private,232577,Assoc-voc,11,Never-married,Tech-support,Own-child,White,Female,0,0,30,United-States
28,Private,139903,Bachelors,13,Never-married,Machine-op-inspct,Unmarried,Black,Female,0,0,40,United-States
65,Private,111095,HS-grad,9,Married-civ-spouse,Transport-moving,Husband,White,Male,0,0,16,United-States
41,Private,104196,Some-college,10,Divorced,Transport-moving,Not-in-family,White,Male,0,0,60,United-States
19,Private,63434,12th,8,Never-married,Farming-fishing,Own-child,White,Female,0,0,30,United-States
38,Private,183279,Some-college,10,Married-civ-spouse,Craft-repair,Husband,White,Male,0,0,43,United-States
56,Private,345730,Bachelors,13,Married-civ-spouse,Prof-specialty,Husband,White,Male,0,0,45,United-States
44,Private,177905,Some-college,10,Divorced,Machine-op-inspct,Unmarried,White,Male,0,0,58,United-States
48,Private,105138,HS-grad,9,Divorced,Exec-managerial,Unmarried,Asian-Pac-Islander,Female,0,0,40,United-States
33,Private,112900,HS-grad,9,Divorced,Other-service,Unmarried,White,Female,0,0,40,United-States
56,Self-emp-not-inc,115439,Some-college,10,Married-civ-spouse,Craft-repair,Husband,White,Male,0,0,60,United-States
30,Private,102821,Some-college,10,Married-civ-spouse,Craft-repair,Not-in-family,White,Male,0,0,40,United-States
24,Private,213427,HS-grad,9,Never-married,Adm-clerical,Not-in-family,White,Male,0,0,40,United-States
33,Local-gov,173005,Bachelors,13,Married-civ-spouse,Adm-clerical,Husband,White,Male,0,1848,45,United-States
36,Local-gov,175255,HS-grad,9,Married-civ-spouse,Other-service,Wife,White,Female,0,0,35,United-States
76,Private,70697,7th-8th,4,Widowed,Other-service,Not-in-family,White,Female,0,0,25,United-States
24,Private,86153,Some-college,10,Never-married,Adm-clerical,Not-in-family,White,Female,0,0,40,United-States
43,Private,207685,HS-grad,9,Married-civ-spouse,Machine-op-inspct,Husband,White,Male,0,0,40,United-States
23,Private,218215,Assoc-acdm,12,Never-married,Other-service,Own-child,White,Female,0,0,35,United-States
52,State-gov,142757,HS-grad,9,Married-civ-spouse,Protective-serv,Husband,Black,Male,0,0,40,United-States
33,Private,94235,Prof-school,15,Never-married,Prof-specialty,Own-child,White,Male,0,0,42,United-States
37,Private,120045,HS-grad,9,Divorced,Machine-op-inspct,Not-in-family,White,Female,0,0,56,United-States
54,Private,284129,Some-college,10,Married-civ-spouse,Transport-moving,Husband,White,Male,0,0,45,United-States
28,Private,259351,10th,6,Never-married,Other-service,Other-relative,Amer-Indian-Eskimo,Male,0,0,40,United-States
42,Self-emp-not-inc,32546,Prof-school,15,Divorced,Prof-specialty,Unmarried,White,Male,7430,0,40,United-States
39,Local-gov,236391,HS-grad,9,Married-civ-spouse,Machine-op-inspct,Husband,White,Male,0,0,38,United-States
33,Self-emp-not-inc,38223,HS-grad,9,Never-married,Farming-fishing,Own-child,White,Male,0,0,70,United-States
27,Local-gov,74056,Bachelors,13,Never-married,Tech-support,Not-in-family,White,Male,0,0,50,United-States
59,Private,157303,Some-college,10,Divorced,Prof-specialty,Not-in-family,White,Female,0,0,48,United-States
31,Private,225507,Assoc-voc,11,Never-married,Other-service,Unmarried,White,Female,0,0,40,United-States
36,Private,179358,HS-grad,9,Widowed,Handlers-cleaners,Unmarried,White,Female,0,0,30,United-States
34,Self-emp-not-inc,24961,HS-grad,9,Married-civ-spouse,Farming-fishing,Husband,White,Male,0,0,80,United-States
49,Federal-gov,420282,Some-college,10,Never-married,Adm-clerical,Unmarried,Black,Female,0,0,40,United-States
39,Private,77005,Masters,14,Married-civ-spouse,Prof-specialty,Husband,White,Male,99999,0,40,United-States
48,Private,25468,Masters,14,Divorced,Exec-managerial,Not-in-family,White,Male,99999,0,50,United-States
47,Private,365516,Masters,14,Divorced,Prof-specialty,Unmarried,White,Female,0,0,40,United-States
50,Private,341797,HS-grad,9,Divorced,Craft-repair,Not-in-family,White,Male,0,0,40,United-States
21,Private,185582,Some-college,10,Never-married,Sales,Own-child,White,Male,0,0,43,United-States
26,Private,318934,10th,6,Married-civ-spouse,Handlers-cleaners,Husband,White,Male,0,0,40,United-States
38,Private,169104,Masters,14,Married-civ-spouse,Exec-managerial,Husband,White,Male,0,0,60,United-States
38,Private,184655,HS-grad,9,Married-civ-spouse,Craft-repair,Husband,White,Male,0,1740,48,United-States
36,Local-gov,61778,HS-grad,9,Married-civ-spouse,Prof-specialty,Husband,White,Male,15024,0,40,United-States
21,Private,286824,Some-college,10,Never-married,Handlers-cleaners,Own-child,White,Male,0,0,12,United-States
37,Private,143058,Some-college,10,Married-civ-spouse,Craft-repair,Husband,White,Male,0,0,40,United-States
24,Private,133520,Some-college,10,Never-married,Sales,Own-child,White,Female,0,0,15,United-States
22,Private,234641,HS-grad,9,Never-married,Transport-moving,Own-child,White,Male,0,0,40,United-States
27,Private,163127,Assoc-voc,11,Married-civ-spouse,Adm-clerical,Wife,White,Female,0,0,35,United-States
25,Private,178478,Bachelors,13,Never-married,Adm-clerical,Own-child,White,Female,0,0,40,United-States
38,Local-gov,40955,Masters,14,Never-married,Prof-specialty,Not-in-family,White,Male,0,0,43,United-States
54,Self-emp-not-inc,117674,Some-college,10,Divorced,Craft-repair,Not-in-family,White,Male,0,0,40,United-States
58,Self-emp-not-inc,331474,HS-grad,9,Married-civ-spouse,Adm-clerical,Wife,White,Female,0,0,20,United-States
40,Private,145439,5th-6th,3,Married-civ-spouse,Other-service,Husband,Other,Male,4064,0,40,Mexico
29,Private,341846,Masters,14,Never-married,Prof-specialty,Not-in-family,White,Female,0,0,50,United-States
40,Private,206066,HS-grad,9,Married-civ-spouse,Craft-repair,Husband,White,Male,0,0,50,United-States
19,?,318264,Some-college,10,Never-married,?,Own-child,White,Male,0,0,30,United-States
64,Private,164204,1st-4th,2,Married-civ-spouse,Transport-moving,Husband,White,Male,0,0,53,United-States
67,Self-emp-not-inc,139960,7th-8th,4,Married-civ-spouse,Craft-repair,Husband,White,Male,0,0,40,United-States
42,State-gov,345969,Bachelors,13,Married-civ-spouse,Exec-managerial,Husband,White,Male,0,0,48,United-States
48,Private,194772,Assoc-acdm,12,Married-civ-spouse,Sales,Husband,White,Male,0,1902,40,United-States
59,Self-emp-not-inc,190514,11th,7,Married-civ-spouse,Craft-repair,Husband,White,Male,0,0,20,United-States
52,Private,312477,HS-grad,9,Widowed,Transport-moving,Not-in-family,White,Male,0,0,40,United-States
49,State-gov,216734,Prof-school,15,Divorced,Exec-managerial,Not-in-family,White,Female,0,0,40,United-States
26,Private,333108,HS-grad,9,Divorced,Sales,Not-in-family,White,Male,0,0,40,United-States
22,Private,136767,HS-grad,9,Married-civ-spouse,Craft-repair,Husband,White,Male,0,0,30,United-States
39,Private,198654,Prof-school,15,Married-civ-spouse,Prof-specialty,Husband,Asian-Pac-Islander,Male,0,2415,67,United-States
41,Private,132633,11th,7,Divorced,Priv-house-serv,Unmarried,White,Female,0,0,25,United-States
26,Private,102460,Some-college,10,Married-civ-spouse,Adm-clerical,Husband,White,Male,0,0,40,United-States
34,Private,179378,HS-grad,9,Married-civ-spouse,Exec-managerial,Wife,Black,Female,0,0,40,United-States
37,?,148266,Prof-school,15,Married-civ-spouse,?,Husband,White,Male,0,0,6,United-States
56,State-gov,68658,Some-college,10,Married-civ-spouse,Exec-managerial,Husband,White,Male,0,0,40,United-States
37,Private,215503,HS-grad,9,Married-civ-spouse,Exec-managerial,Husband,White,Male,4386,0,45,United-States
17,Private,191910,10th,6,Never-married,Other-service,Own-child,White,Male,0,0,25,United-States
70,Local-gov,334666,HS-grad,9,Widowed,Adm-clerical,Not-in-family,White,Female,0,0,12,United-States
52,?,244214,HS-grad,9,Married-civ-spouse,?,Husband,White,Male,0,0,35,United-States
40,Private,91959,Bachelors,13,Married-civ-spouse,Prof-specialty,Husband,White,Male,0,0,46,United-States
28,Self-emp-not-inc,190391,Bachelors,13,Never-married,Sales,Not-in-family,White,Male,0,0,50,United-States
48,Private,118831,HS-grad,9,Divorced,Handlers-cleaners,Unmarried,Asian-Pac-Islander,Female,0,0,40,United-States
56,Private,70720,12th,8,Married-civ-spouse,Prof-specialty,Husband,White,Male,0,0,40,United-States
42,Private,74949,Some-college,10,Divorced,Prof-specialty,Not-in-family,White,Male,0,0,40,United-States
25,Private,166971,HS-grad,9,Married-civ-spouse,Sales,Husband,White,Male,0,0,52,United-States
57,?,296516,Some-college,10,Married-civ-spouse,?,Husband,White,Male,0,0,50,United-States
54,Private,221915,Some-college,10,Widowed,Craft-repair,Unmarried,White,Female,0,0,50,United-States
47,Self-emp-not-inc,102583,Bachelors,13,Never-married,Sales,Not-in-family,White,Male,0,0,35,United-States
53,Private,386773,HS-grad,9,Married-civ-spouse,Craft-repair,Husband,White,Male,7298,0,40,United-States
27,Private,242207,Bachelors,13,Never-married,Tech-support,Own-child,White,Female,0,0,40,United-States
51,Private,176969,HS-grad,9,Married-civ-spouse,Machine-op-inspct,Husband,White,Male,0,0,48,United-States
31,Private,42485,HS-grad,9,Married-civ-spouse,Machine-op-inspct,Husband,White,Male,0,0,55,United-States
33,Private,80945,HS-grad,9,Married-civ-spouse,Machine-op-inspct,Husband,White,Male,0,0,40,United-States
21,Private,32950,Some-college,10,Never-married,Sales,Unmarried,White,Male,0,0,40,United-States
34,Private,228873,Doctorate,16,Married-civ-spouse,Prof-specialty,Husband,White,Male,0,0,45,United-States
20,?,141453,Some-college,10,Never-married,?,Own-child,White,Female,0,0,10,United-States
47,Private,207140,HS-grad,9,Divorced,Adm-clerical,Not-in-family,White,Female,0,0,38,United-States
36,Private,247600,Assoc-acdm,12,Divorced,Exec-managerial,Unmarried,Asian-Pac-Islander,Female,0,0,40,United-States
43,Federal-gov,105936,Assoc-voc,11,Never-married,Prof-specialty,Not-in-family,White,Female,13550,0,40,United-States
61,Private,191417,9th,5,Widowed,Exec-managerial,Not-in-family,Black,Male,0,0,65,United-States
44,Private,75012,HS-grad,9,Married-civ-spouse,Farming-fishing,Husband,White,Male,0,0,80,United-States
21,Private,228395,Some-college,10,Never-married,Sales,Other-relative,Black,Female,0,0,20,United-States
31,Private,165148,HS-grad,9,Separated,Exec-managerial,Unmarried,White,Female,0,0,12,United-States
30,Self-emp-not-inc,609789,Assoc-voc,11,Never-married,Craft-repair,Not-in-family,White,Male,0,0,40,United-States
51,Private,99185,Bachelors,13,Married-civ-spouse,Exec-managerial,Husband,White,Male,0,0,60,United-States
26,Private,151626,Bachelors,13,Never-married,Prof-specialty,Not-in-family,Black,Female,0,0,45,United-States
32,Private,177531,10th,6,Divorced,Other-service,Unmarried,Black,Female,0,0,23,United-States
49,Self-emp-inc,246739,Some-college,10,Married-civ-spouse,Craft-repair,Husband,White,Male,0,0,45,United-States
28,Private,105817,11th,7,Married-civ-spouse,Exec-managerial,Husband,White,Male,0,0,50,United-States
23,Private,111450,Some-college,10,Never-married,Adm-clerical,Other-relative,Black,Male,0,0,22,United-States
26,?,321629,HS-grad,9,Never-married,?,Unmarried,White,Female,0,0,16,United-States
32,Private,113688,Assoc-voc,11,Divorced,Exec-managerial,Not-in-family,White,Female,0,0,50,United-States
38,Private,193961,Some-college,10,Married-civ-spouse,Craft-repair,Husband,Asian-Pac-Islander,Male,0,0,40,United-States
48,Private,83444,HS-grad,9,Married-civ-spouse,Prof-specialty,Husband,White,Male,7298,0,40,United-States
17,Private,127366,11th,7,Never-married,Sales,Own-child,White,Female,0,0,8,United-States
47,Private,49298,HS-grad,9,Divorced,Sales,Not-in-family,White,Male,0,0,50,United-States
23,Private,112683,Some-college,10,Never-married,Sales,Own-child,White,Female,0,0,12,United-States
34,Private,150154,HS-grad,9,Never-married,Adm-clerical,Own-child,White,Male,0,0,40,United-States
38,State-gov,346766,HS-grad,9,Divorced,Adm-clerical,Unmarried,White,Female,0,0,40,United-States
44,Private,197462,HS-grad,9,Married-civ-spouse,Machine-op-inspct,Husband,White,Male,0,0,40,United-States
44,Self-emp-inc,151089,HS-grad,9,Married-civ-spouse,Exec-managerial,Husband,White,Male,0,1887,70,United-States
32,Private,188246,HS-grad,9,Divorced,Craft-repair,Own-child,White,Male,0,0,40,United-States
46,Federal-gov,20956,Bachelors,13,Married-civ-spouse,Exec-managerial,Husband,White,Male,15024,0,40,United-States
66,Self-emp-not-inc,298834,Assoc-voc,11,Married-civ-spouse,Prof-specialty,Husband,White,Male,0,0,50,United-States
29,Private,196420,HS-grad,9,Never-married,Exec-managerial,Not-in-family,White,Female,0,0,45,United-States
53,Self-emp-not-inc,101432,HS-grad,9,Married-civ-spouse,Sales,Husband,White,Male,0,0,50,United-States
25,Private,197651,Some-college,10,Never-married,Tech-support,Own-child,White,Female,0,0,43,United-States
30,Private,496414,Doctorate,16,Never-married,Prof-specialty,Not-in-family,White,Male,0,0,40,United-States
22,?,313786,HS-grad,9,Divorced,?,Other-relative,Black,Female,0,0,40,United-States
56,Private,200235,Assoc-voc,11,Married-civ-spouse,Craft-repair,Husband,White,Male,0,0,48,United-States
58,Federal-gov,200042,Some-college,10,Married-civ-spouse,Exec-managerial,Husband,White,Male,15024,0,40,United-States
53,Private,88842,HS-grad,9,Married-civ-spouse,Exec-managerial,Husband,White,Male,99999,0,40,United-States
36,Self-emp-inc,108293,Bachelors,13,Married-civ-spouse,Exec-managerial,Wife,White,Female,0,1977,45,United-States
33,Private,323811,Some-college,10,Married-civ-spouse,Machine-op-inspct,Husband,White,Male,0,0,55,United-States
37,Private,168475,HS-grad,9,Married-civ-spouse,Exec-managerial,Husband,White,Male,0,0,40,United-States
19,Private,57145,HS-grad,9,Never-married,Other-service,Own-child,White,Female,0,0,25,United-States
38,Private,133963,Bachelors,13,Divorced,Prof-specialty,Not-in-family,White,Female,0,0,50,United-States
65,Self-emp-inc,184965,Doctorate,16,Married-civ-spouse,Exec-managerial,Husband,White,Male,99999,0,40,United-States
46,Private,157991,Assoc-voc,11,Divorced,Tech-support,Unmarried,Black,Female,0,625,40,United-States
35,Private,153790,Some-college,10,Never-married,Sales,Not-in-family,Amer-Indian-Eskimo,Female,0,0,40,United-States
24,Local-gov,155818,Some-college,10,Married-civ-spouse,Adm-clerical,Wife,White,Female,0,0,44,United-States
19,Private,32477,Some-college,10,Never-married,Other-service,Own-child,White,Male,0,0,20,United-States
24,Private,69640,Bachelors,13,Never-married,Sales,Own-child,White,Male,0,0,40,United-States
45,Local-gov,175958,9th,5,Never-married,Other-service,Own-child,White,Male,0,0,40,United-States
40,Private,207025,HS-grad,9,Never-married,Adm-clerical,Not-in-family,White,Female,6849,0,38,United-States
30,Private,293936,HS-grad,9,Never-married,Other-service,Not-in-family,White,Male,0,0,50,United-States
19,Private,552354,12th,8,Never-married,Machine-op-inspct,Own-child,White,Male,0,0,40,United-States
37,Private,187311,Some-college,10,Never-married,Adm-clerical,Not-in-family,White,Female,0,0,60,United-States
51,Private,93193,HS-grad,9,Divorced,Prof-specialty,Not-in-family,White,Female,0,0,40,United-States
24,Private,22201,HS-grad,9,Married-civ-spouse,Protective-serv,Husband,Asian-Pac-Islander,Male,0,0,40,United-States
18,Private,141363,Some-college,10,Never-married,Other-service,Not-in-family,White,Female,0,0,40,United-States
20,Private,74631,Some-college,10,Never-married,Sales,Not-in-family,White,Female,0,0,50,United-States
42,Private,77373,Some-college,10,Married-civ-spouse,Handlers-cleaners,Husband,White,Male,0,0,38,United-States
36,Self-emp-not-inc,186035,Prof-school,15,Married-civ-spouse,Sales,Husband,White,Male,0,0,30,United-States
23,Self-emp-inc,201682,Bachelors,13,Never-married,Adm-clerical,Own-child,White,Female,0,0,35,United-States
27,Private,217200,Some-college,10,Never-married,Prof-specialty,Not-in-family,White,Male,0,0,40,United-States
31,Self-emp-not-inc,162442,Bachelors,13,Married-civ-spouse,Exec-managerial,Wife,White,Female,0,0,40,United-States
39,Private,327435,Bachelors,13,Married-civ-spouse,Prof-specialty,Wife,White,Female,0,0,36,United-States
23,Private,150463,HS-grad,9,Never-married,Priv-house-serv,Unmarried,Other,Female,0,0,40,United-States
22,Private,195179,Some-college,10,Never-married,Sales,Own-child,White,Male,0,0,24,United-States
40,Local-gov,306495,Bachelors,13,Married-civ-spouse,Prof-specialty,Husband,White,Male,0,0,35,United-States
33,Private,213002,Bachelors,13,Never-married,Prof-specialty,Not-in-family,White,Male,0,1408,36,United-States
37,Private,186434,HS-grad,9,Married-civ-spouse,Other-service,Husband,Black,Male,0,0,40,United-States
45,Private,241350,HS-grad,9,Married-civ-spouse,Handlers-cleaners,Husband,White,Male,0,0,48,United-States
46,Private,337050,Masters,14,Married-civ-spouse,Exec-managerial,Husband,White,Male,0,1977,45,United-States
44,Private,151089,Bachelors,13,Married-civ-spouse,Prof-specialty,Husband,White,Male,0,1902,50,United-States
53,Private,209022,11th,7,Divorced,Other-service,Not-in-family,White,Female,0,0,37,United-States
49,Private,28334,Some-college,10,Married-civ-spouse,Exec-managerial,Husband,White,Male,0,0,45,United-States
33,Private,261511,HS-grad,9,Married-civ-spouse,Craft-repair,Husband,White,Male,0,0,40,United-States
29,Private,50295,Some-college,10,Married-civ-spouse,Exec-managerial,Husband,White,Male,0,0,48,United-States
23,Private,227594,12th,8,Never-married,Machine-op-inspct,Own-child,White,Female,0,0,40,United-States
21,Private,89154,11th,7,Never-married,Other-service,Own-child,White,Male,0,0,42,United-States
75,Private,187424,HS-grad,9,Married-civ-spouse,Craft-repair,Husband,White,Male,0,0,20,United-States
27,Private,214858,10th,6,Married-civ-spouse,Craft-repair,Other-relative,White,Male,0,0,55,United-States
31,Federal-gov,34862,Assoc-acdm,12,Married-civ-spouse,Sales,Husband,Asian-Pac-Islander,Male,0,0,40,United-States
57,Federal-gov,135028,HS-grad,9,Separated,Adm-clerical,Other-relative,Black,Female,0,0,35,United-States
20,?,210781,Some-college,10,Never-married,?,Own-child,White,Female,0,0,10,United-States
23,Private,129345,Some-college,10,Never-married,Other-service,Not-in-family,White,Male,0,0,25,United-States
32,Private,207301,HS-grad,9,Never-married,Handlers-cleaners,Not-in-family,White,Female,0,0,40,United-States
52,Federal-gov,129177,HS-grad,9,Divorced,Adm-clerical,Not-in-family,White,Female,0,0,40,United-States
