target,alcohol,ash,alcalinity_of_ash,magnesium,total_phenols,flavanoids,nonflavanoid_phenols,proanthocyanins,color_intensity,hue,od280_od315_of_diluted_wines,proline,malic_acid
3,12.53,25.0,"25.0, magnesium = 96, total_phenols = 1.79, flavanoids = 0.6, nonflavanoid_phenols = 0.63, proanthocyanins = 1.1, color_intensity = 5.0, hue = 0.82, od280_od315_of_diluted_wines = 1.69, proline = 51",96,1.79,0.6,0.63,1.1,5.0,0.82,1.69,515,5.51
3,13.17,22.0,"22.0, magnesium = 93, total_phenols = 1.74, flavanoids = 0.63, nonflavanoid_phenols = 0.61, proanthocyanins = 1.55, color_intensity = 7.9, hue = 0.6, od280_od315_of_diluted_wines = 1.48, proline = 72",93,1.74,0.63,0.61,1.55,7.9,0.6,1.48,725,5.19
1,13.16,18.6,"18.6, magnesium = 101, total_phenols = 2.8, flavanoids = 3.24, nonflavanoid_phenols = 0.3, proanthocyanins = 2.81, color_intensity = 5.68, hue = 1.03, od280_od315_of_diluted_wines = 3.17, proline = 118",101,2.8,3.24,0.3,2.81,5.68,1.03,3.17,1185,2.36
1,13.24,21.0,"21.0, magnesium = 118, total_phenols = 2.8, flavanoids = 2.69, nonflavanoid_phenols = 0.39, proanthocyanins = 1.82, color_intensity = 4.32, hue = 1.04, od280_od315_of_diluted_wines = 2.93, proline = 73",118,2.8,2.69,0.39,1.82,4.32,1.04,2.93,735,2.59
2,12.67,18.0,"18.0, magnesium = 99, total_phenols = 2.2, flavanoids = 1.94, nonflavanoid_phenols = 0.3, proanthocyanins = 1.46, color_intensity = 2.62, hue = 1.23, od280_od315_of_diluted_wines = 3.16, proline = 45",99,2.2,1.94,0.3,1.46,2.62,1.23,3.16,450,0.98
2,12.34,21.0,"21.0, magnesium = 98, total_phenols = 2.56, flavanoids = 2.11, nonflavanoid_phenols = 0.34, proanthocyanins = 1.31, color_intensity = 2.8, hue = 0.8, od280_od315_of_diluted_wines = 3.38, proline = 43",98,2.56,2.11,0.34,1.31,2.8,0.8,3.38,438,2.45
2,11.64,21.6,"21.6, magnesium = 84, total_phenols = 1.95, flavanoids = 1.69, nonflavanoid_phenols = 0.48, proanthocyanins = 1.35, color_intensity = 2.8, hue = 1.0, od280_od315_of_diluted_wines = 2.75, proline = 68",84,1.95,1.69,0.48,1.35,2.8,1.0,2.75,680,2.06
1,13.41,18.8,"18.8, magnesium = 90, total_phenols = 2.45, flavanoids = 2.68, nonflavanoid_phenols = 0.27, proanthocyanins = 1.48, color_intensity = 4.28, hue = 0.91, od280_od315_of_diluted_wines = 3.0, proline = 103",90,2.45,2.68,0.27,1.48,4.28,0.91,3.0,1035,3.84
2,11.87,21.0,"21.0, magnesium = 82, total_phenols = 2.86, flavanoids = 3.03, nonflavanoid_phenols = 0.21, proanthocyanins = 2.91, color_intensity = 2.8, hue = 0.75, od280_od315_of_diluted_wines = 3.64, proline = 38",82,2.86,3.03,0.21,2.91,2.8,0.75,3.64,380,4.31
1,14.02,16.0,"16.0, magnesium = 96, total_phenols = 2.65, flavanoids = 2.33, nonflavanoid_phenols = 0.26, proanthocyanins = 1.98, color_intensity = 4.7, hue = 1.04, od280_od315_of_diluted_wines = 3.59, proline = 103",96,2.65,2.33,0.26,1.98,4.7,1.04,3.59,1035,1.68
1,14.1,18.8,"18.8, magnesium = 103, total_phenols = 2.75, flavanoids = 2.92, nonflavanoid_phenols = 0.32, proanthocyanins = 2.38, color_intensity = 6.2, hue = 1.07, od280_od315_of_diluted_wines = 2.75, proline = 106",103,2.75,2.92,0.32,2.38,6.2,1.07,2.75,1060,2.16
1,13.05,12.4,"12.4, magnesium = 92, total_phenols = 2.72, flavanoids = 3.27, nonflavanoid_phenols = 0.17, proanthocyanins = 2.91, color_intensity = 7.2, hue = 1.12, od280_od315_of_diluted_wines = 2.91, proline = 115",92,2.72,3.27,0.17,2.91,7.2,1.12,2.91,1150,1.73
3,13.08,21.5,"21.5, magnesium = 113, total_phenols = 1.41, flavanoids = 1.39, nonflavanoid_phenols = 0.34, proanthocyanins = 1.14, color_intensity = 9.4, hue = 0.57, od280_od315_of_diluted_wines = 1.33, proline = 55",113,1.41,1.39,0.34,1.14,9.4,0.57,1.33,550,3.9
2,12.6,18.5,"18.5, magnesium = 88, total_phenols = 1.45, flavanoids = 1.36, nonflavanoid_phenols = 0.29, proanthocyanins = 1.35, color_intensity = 2.45, hue = 1.04, od280_od315_of_diluted_wines = 2.77, proline = 56",88,1.45,1.36,0.29,1.35,2.45,1.04,2.77,562,2.46
1,14.19,16.5,"16.5, magnesium = 108, total_phenols = 3.3, flavanoids = 3.93, nonflavanoid_phenols = 0.32, proanthocyanins = 1.86, color_intensity = 8.7, hue = 1.23, od280_od315_of_diluted_wines = 2.82, proline = 168",108,3.3,3.93,0.32,1.86,8.7,1.23,2.82,1680,1.59
2,12.29,18.0,"18.0, magnesium = 88, total_phenols = 2.85, flavanoids = 2.99, nonflavanoid_phenols = 0.45, proanthocyanins = 2.81, color_intensity = 2.3, hue = 1.42, od280_od315_of_diluted_wines = 2.83, proline = 40",88,2.85,2.99,0.45,2.81,2.3,1.42,2.83,406,1.61
3,14.16,20.0,"20.0, magnesium = 91, total_phenols = 1.68, flavanoids = 0.7, nonflavanoid_phenols = 0.44, proanthocyanins = 1.24, color_intensity = 9.7, hue = 0.62, od280_od315_of_diluted_wines = 1.71, proline = 66",91,1.68,0.7,0.44,1.24,9.7,0.62,1.71,660,2.51
2,12.42,22.5,"22.5, magnesium = 108, total_phenols = 2.0, flavanoids = 2.09, nonflavanoid_phenols = 0.34, proanthocyanins = 1.61, color_intensity = 2.06, hue = 1.06, od280_od315_of_diluted_wines = 2.96, proline = 34",108,2.0,2.09,0.34,1.61,2.06,1.06,2.96,345,1.61
2,11.76,20.0,"20.0, magnesium = 103, total_phenols = 1.75, flavanoids = 2.03, nonflavanoid_phenols = 0.6, proanthocyanins = 1.05, color_intensity = 3.8, hue = 1.23, od280_od315_of_diluted_wines = 2.5, proline = 60",103,1.75,2.03,0.6,1.05,3.8,1.23,2.5,607,2.68
2,12.43,21.5,"21.5, magnesium = 86, total_phenols = 2.74, flavanoids = 3.15, nonflavanoid_phenols = 0.39, proanthocyanins = 1.77, color_intensity = 3.94, hue = 0.69, od280_od315_of_diluted_wines = 2.84, proline = 35",86,2.74,3.15,0.39,1.77,3.94,0.69,2.84,352,1.53
2,12.77,16.0,"16.0, magnesium = 80, total_phenols = 1.63, flavanoids = 1.25, nonflavanoid_phenols = 0.43, proanthocyanins = 0.83, color_intensity = 3.4, hue = 0.7, od280_od315_of_diluted_wines = 2.12, proline = 37",80,1.63,1.25,0.43,0.83,3.4,0.7,2.12,372,3.43
2,12.42,26.5,"26.5, magnesium = 102, total_phenols = 2.2, flavanoids = 2.13, nonflavanoid_phenols = 0.43, proanthocyanins = 1.71, color_intensity = 2.08, hue = 0.92, od280_od315_of_diluted_wines = 3.12, proline = 36",102,2.2,2.13,0.43,1.71,2.08,0.92,3.12,365,1.61
2,11.62,18.0,"18.0, magnesium = 98, total_phenols = 3.02, flavanoids = 2.26, nonflavanoid_phenols = 0.17, proanthocyanins = 1.35, color_intensity = 3.25, hue = 1.16, od280_od315_of_diluted_wines = 2.96, proline = 34",98,3.02,2.26,0.17,1.35,3.25,1.16,2.96,345,1.99
1,13.56,20.5,"20.5, magnesium = 116, total_phenols = 2.96, flavanoids = 2.78, nonflavanoid_phenols = 0.2, proanthocyanins = 2.45, color_intensity = 6.25, hue = 0.98, od280_od315_of_diluted_wines = 3.03, proline = 112",116,2.96,2.78,0.2,2.45,6.25,0.98,3.03,1120,1.73
2,12.72,22.5,"22.5, magnesium = 84, total_phenols = 1.38, flavanoids = 1.76, nonflavanoid_phenols = 0.48, proanthocyanins = 1.63, color_intensity = 3.3, hue = 0.88, od280_od315_of_diluted_wines = 2.42, proline = 48",84,1.38,1.76,0.48,1.63,3.3,0.88,2.42,488,1.81
2,12.37,18.1,"18.1, magnesium = 98, total_phenols = 2.42, flavanoids = 2.65, nonflavanoid_phenols = 0.37, proanthocyanins = 2.08, color_intensity = 4.6, hue = 1.19, od280_od315_of_diluted_wines = 2.3, proline = 67",98,2.42,2.65,0.37,2.08,4.6,1.19,2.3,678,1.17
1,13.83,17.2,"17.2, magnesium = 94, total_phenols = 2.45, flavanoids = 2.99, nonflavanoid_phenols = 0.22, proanthocyanins = 2.29, color_intensity = 5.6, hue = 1.24, od280_od315_of_diluted_wines = 3.37, proline = 126",94,2.45,2.99,0.22,2.29,5.6,1.24,3.37,1265,1.57
1,14.22,13.2,"13.2, magnesium = 128, total_phenols = 3.0, flavanoids = 3.04, nonflavanoid_phenols = 0.2, proanthocyanins = 2.08, color_intensity = 5.1, hue = 0.89, od280_od315_of_diluted_wines = 3.53, proline = 76",128,3.0,3.04,0.2,2.08,5.1,0.89,3.53,760,3.99
2,11.46,19.5,"19.5, magnesium = 107, total_phenols = 3.18, flavanoids = 2.58, nonflavanoid_phenols = 0.24, proanthocyanins = 3.58, color_intensity = 2.9, hue = 0.75, od280_od315_of_diluted_wines = 2.81, proline = 56",107,3.18,2.58,0.24,3.58,2.9,0.75,2.81,562,3.74
1,14.21,18.9,"18.9, magnesium = 111, total_phenols = 2.85, flavanoids = 2.65, nonflavanoid_phenols = 0.3, proanthocyanins = 1.25, color_intensity = 5.24, hue = 0.87, od280_od315_of_diluted_wines = 3.33, proline = 108",111,2.85,2.65,0.3,1.25,5.24,0.87,3.33,1080,1.9
3,13.49,19.5,"19.5, magnesium = 88, total_phenols = 1.62, flavanoids = 0.48, nonflavanoid_phenols = 0.58, proanthocyanins = 0.88, color_intensity = 5.7, hue = 0.81, od280_od315_of_diluted_wines = 1.82, proline = 58",88,1.62,0.48,0.58,0.88,5.7,0.81,1.82,580,3.59
3,13.71,20.5,"20.5, magnesium = 95, total_phenols = 1.68, flavanoids = 0.61, nonflavanoid_phenols = 0.52, proanthocyanins = 1.06, color_intensity = 7.7, hue = 0.64, od280_od315_of_diluted_wines = 1.74, proline = 74",95,1.68,0.61,0.52,1.06,7.7,0.64,1.74,740,5.65
2,12.64,16.8,"16.8, magnesium = 100, total_phenols = 2.02, flavanoids = 1.41, nonflavanoid_phenols = 0.53, proanthocyanins = 0.62, color_intensity = 5.75, hue = 0.98, od280_od315_of_diluted_wines = 1.59, proline = 45",100,2.02,1.41,0.53,0.62,5.75,0.98,1.59,450,1.36
2,11.96,21.0,"21.0, magnesium = 101, total_phenols = 3.38, flavanoids = 2.14, nonflavanoid_phenols = 0.13, proanthocyanins = 1.65, color_intensity = 3.21, hue = 0.99, od280_od315_of_diluted_wines = 3.13, proline = 88",101,3.38,2.14,0.13,1.65,3.21,0.99,3.13,886,1.09
1,12.93,18.6,"18.6, magnesium = 102, total_phenols = 2.41, flavanoids = 2.41, nonflavanoid_phenols = 0.25, proanthocyanins = 1.98, color_intensity = 4.5, hue = 1.03, od280_od315_of_diluted_wines = 3.52, proline = 77",102,2.41,2.41,0.25,1.98,4.5,1.03,3.52,770,3.8
3,12.81,24.0,"24.0, magnesium = 98, total_phenols = 1.15, flavanoids = 1.09, nonflavanoid_phenols = 0.27, proanthocyanins = 0.83, color_intensity = 5.7, hue = 0.66, od280_od315_of_diluted_wines = 1.36, proline = 56",98,1.15,1.09,0.27,0.83,5.7,0.66,1.36,560,2.31
1,13.28,15.5,"15.5, magnesium = 110, total_phenols = 2.6, flavanoids = 2.68, nonflavanoid_phenols = 0.34, proanthocyanins = 1.36, color_intensity = 4.6, hue = 1.09, od280_od315_of_diluted_wines = 2.78, proline = 88",110,2.6,2.68,0.34,1.36,4.6,1.09,2.78,880,1.64
1,13.3,17.0,"17.0, magnesium = 94, total_phenols = 2.4, flavanoids = 2.19, nonflavanoid_phenols = 0.27, proanthocyanins = 1.35, color_intensity = 3.95, hue = 1.02, od280_od315_of_diluted_wines = 2.77, proline = 128",94,2.4,2.19,0.27,1.35,3.95,1.02,2.77,1285,1.72
1,13.58,19.1,"19.1, magnesium = 106, total_phenols = 2.86, flavanoids = 3.19, nonflavanoid_phenols = 0.22, proanthocyanins = 1.95, color_intensity = 6.9, hue = 1.09, od280_od315_of_diluted_wines = 2.88, proline = 151",106,2.86,3.19,0.22,1.95,6.9,1.09,2.88,1515,1.66
2,11.82,19.5,"19.5, magnesium = 86, total_phenols = 2.5, flavanoids = 1.64, nonflavanoid_phenols = 0.37, proanthocyanins = 1.42, color_intensity = 2.06, hue = 0.94, od280_od315_of_diluted_wines = 2.44, proline = 41",86,2.5,1.64,0.37,1.42,2.06,0.94,2.44,415,1.72
3,12.6,18.5,"18.5, magnesium = 94, total_phenols = 1.62, flavanoids = 0.66, nonflavanoid_phenols = 0.63, proanthocyanins = 0.94, color_intensity = 7.1, hue = 0.73, od280_od315_of_diluted_wines = 1.58, proline = 69",94,1.62,0.66,0.63,0.94,7.1,0.73,1.58,695,2.46
1,13.86,16.0,"16.0, magnesium = 98, total_phenols = 2.98, flavanoids = 3.15, nonflavanoid_phenols = 0.22, proanthocyanins = 1.85, color_intensity = 7.22, hue = 1.01, od280_od315_of_diluted_wines = 3.55, proline = 104",98,2.98,3.15,0.22,1.85,7.22,1.01,3.55,1045,1.51
2,12.7,23.0,"23.0, magnesium = 101, total_phenols = 2.83, flavanoids = 2.55, nonflavanoid_phenols = 0.43, proanthocyanins = 1.95, color_intensity = 2.57, hue = 1.19, od280_od315_of_diluted_wines = 3.13, proline = 46",101,2.83,2.55,0.43,1.95,2.57,1.19,3.13,463,3.87
1,14.2,15.2,"15.2, magnesium = 112, total_phenols = 3.27, flavanoids = 3.39, nonflavanoid_phenols = 0.34, proanthocyanins = 1.97, color_intensity = 6.75, hue = 1.05, od280_od315_of_diluted_wines = 2.85, proline = 145",112,3.27,3.39,0.34,1.97,6.75,1.05,2.85,1450,1.76
1,14.37,16.8,"16.8, magnesium = 113, total_phenols = 3.85, flavanoids = 3.49, nonflavanoid_phenols = 0.24, proanthocyanins = 2.18, color_intensity = 7.8, hue = 0.86, od280_od315_of_diluted_wines = 3.45, proline = 148",113,3.85,3.49,0.24,2.18,7.8,0.86,3.45,1480,1.95
2,12.29,16.0,"16.0, magnesium = 85, total_phenols = 2.55, flavanoids = 2.5, nonflavanoid_phenols = 0.29, proanthocyanins = 1.77, color_intensity = 2.9, hue = 1.23, od280_od315_of_diluted_wines = 2.74, proline = 42",85,2.55,2.5,0.29,1.77,2.9,1.23,2.74,428,1.41
2,11.81,21.5,"21.5, magnesium = 134, total_phenols = 1.6, flavanoids = 0.99, nonflavanoid_phenols = 0.14, proanthocyanins = 1.56, color_intensity = 2.5, hue = 0.95, od280_od315_of_diluted_wines = 2.26, proline = 62",134,1.6,0.99,0.14,1.56,2.5,0.95,2.26,625,2.12
2,12.69,20.7,"20.7, magnesium = 80, total_phenols = 1.38, flavanoids = 1.46, nonflavanoid_phenols = 0.58, proanthocyanins = 1.62, color_intensity = 3.05, hue = 0.96, od280_od315_of_diluted_wines = 2.06, proline = 49",80,1.38,1.46,0.58,1.62,3.05,0.96,2.06,495,1.53
2,11.45,20.0,"20.0, magnesium = 96, total_phenols = 2.9, flavanoids = 2.79, nonflavanoid_phenols = 0.32, proanthocyanins = 1.83, color_intensity = 3.25, hue = 0.8, od280_od315_of_diluted_wines = 3.39, proline = 62",96,2.9,2.79,0.32,1.83,3.25,0.8,3.39,625,2.4
2,12.37,19.0,"19.0, magnesium = 87, total_phenols = 3.5, flavanoids = 3.1, nonflavanoid_phenols = 0.19, proanthocyanins = 1.87, color_intensity = 4.45, hue = 1.22, od280_od315_of_diluted_wines = 2.87, proline = 42",87,3.5,3.1,0.19,1.87,4.45,1.22,2.87,420,1.21
1,14.1,18.0,"18.0, magnesium = 105, total_phenols = 2.95, flavanoids = 3.32, nonflavanoid_phenols = 0.22, proanthocyanins = 2.38, color_intensity = 5.75, hue = 1.25, od280_od315_of_diluted_wines = 3.17, proline = 151",105,2.95,3.32,0.22,2.38,5.75,1.25,3.17,1510,2.16
1,13.75,16.0,"16.0, magnesium = 89, total_phenols = 2.6, flavanoids = 2.76, nonflavanoid_phenols = 0.29, proanthocyanins = 1.81, color_intensity = 5.6, hue = 1.15, od280_od315_of_diluted_wines = 2.9, proline = 132",89,2.6,2.76,0.29,1.81,5.6,1.15,2.9,1320,1.73
2,12.17,19.0,"19.0, magnesium = 104, total_phenols = 1.89, flavanoids = 1.75, nonflavanoid_phenols = 0.45, proanthocyanins = 1.03, color_intensity = 2.95, hue = 1.45, od280_od315_of_diluted_wines = 2.23, proline = 35",104,1.89,1.75,0.45,1.03,2.95,1.45,2.23,355,1.45
2,12.04,22.0,"22.0, magnesium = 80, total_phenols = 2.1, flavanoids = 1.75, nonflavanoid_phenols = 0.42, proanthocyanins = 1.35, color_intensity = 2.6, hue = 0.79, od280_od315_of_diluted_wines = 2.57, proline = 58",80,2.1,1.75,0.42,1.35,2.6,0.79,2.57,580,1.36
2,12.22,19.0,"19.0, magnesium = 92, total_phenols = 2.36, flavanoids = 2.04, nonflavanoid_phenols = 0.39, proanthocyanins = 2.08, color_intensity = 2.7, hue = 0.86, od280_od315_of_diluted_wines = 3.02, proline = 31",92,2.36,2.04,0.39,2.08,2.7,0.86,3.02,312,1.29
1,13.24,17.5,"17.5, magnesium = 103, total_phenols = 2.64, flavanoids = 2.63, nonflavanoid_phenols = 0.32, proanthocyanins = 1.66, color_intensity = 4.36, hue = 0.82, od280_od315_of_diluted_wines = 3.0, proline = 68",103,2.64,2.63,0.32,1.66,4.36,0.82,3.0,680,2.59
1,14.3,20.0,"20.0, magnesium = 120, total_phenols = 2.8, flavanoids = 3.14, nonflavanoid_phenols = 0.33, proanthocyanins = 1.97, color_intensity = 6.2, hue = 1.07, od280_od315_of_diluted_wines = 2.65, proline = 128",120,2.8,3.14,0.33,1.97,6.2,1.07,2.65,1280,1.92
2,12.37,10.6,"10.6, magnesium = 88, total_phenols = 1.98, flavanoids = 0.57, nonflavanoid_phenols = 0.28, proanthocyanins = 0.42, color_intensity = 1.95, hue = 1.05, od280_od315_of_diluted_wines = 1.82, proline = 52",88,1.98,0.57,0.28,0.42,1.95,1.05,1.82,520,0.94
1,14.39,14.6,"14.6, magnesium = 96, total_phenols = 2.5, flavanoids = 2.52, nonflavanoid_phenols = 0.3, proanthocyanins = 1.98, color_intensity = 5.25, hue = 1.02, od280_od315_of_diluted_wines = 3.58, proline = 129",96,2.5,2.52,0.3,1.98,5.25,1.02,3.58,1290,1.87
1,13.74,16.4,"16.4, magnesium = 118, total_phenols = 2.6, flavanoids = 2.9, nonflavanoid_phenols = 0.21, proanthocyanins = 1.62, color_intensity = 5.85, hue = 0.92, od280_od315_of_diluted_wines = 3.2, proline = 106",118,2.6,2.9,0.21,1.62,5.85,0.92,3.2,1060,1.67
1,13.9,16.0,"16.0, magnesium = 101, total_phenols = 3.1, flavanoids = 3.39, nonflavanoid_phenols = 0.21, proanthocyanins = 2.14, color_intensity = 6.1, hue = 0.91, od280_od315_of_diluted_wines = 3.33, proline = 98",101,3.1,3.39,0.21,2.14,6.1,0.91,3.33,985,1.68
3,13.48,22.5,"22.5, magnesium = 89, total_phenols = 2.6, flavanoids = 1.1, nonflavanoid_phenols = 0.52, proanthocyanins = 2.29, color_intensity = 11.75, hue = 0.57, od280_od315_of_diluted_wines = 1.78, proline = 62",89,2.6,1.1,0.52,2.29,11.75,0.57,1.78,620,1.67
1,13.63,17.2,"17.2, magnesium = 112, total_phenols = 2.85, flavanoids = 2.91, nonflavanoid_phenols = 0.3, proanthocyanins = 1.46, color_intensity = 7.3, hue = 1.28, od280_od315_of_diluted_wines = 2.88, proline = 131",112,2.85,2.91,0.3,1.46,7.3,1.28,2.88,1310,1.81
2,12.33,16.0,"16.0, magnesium = 101, total_phenols = 2.05, flavanoids = 1.09, nonflavanoid_phenols = 0.63, proanthocyanins = 0.41, color_intensity = 3.27, hue = 1.25, od280_od315_of_diluted_wines = 1.67, proline = 68",101,2.05,1.09,0.63,0.41,3.27,1.25,1.67,680,1.1
2,12.51,20.5,"20.5, magnesium = 85, total_phenols = 2.2, flavanoids = 1.92, nonflavanoid_phenols = 0.32, proanthocyanins = 1.48, color_intensity = 2.94, hue = 1.04, od280_od315_of_diluted_wines = 3.57, proline = 67",85,2.2,1.92,0.32,1.48,2.94,1.04,3.57,672,1.73
3,12.96,18.5,"18.5, magnesium = 106, total_phenols = 1.39, flavanoids = 0.7, nonflavanoid_phenols = 0.4, proanthocyanins = 0.94, color_intensity = 5.28, hue = 0.68, od280_od315_of_diluted_wines = 1.75, proline = 67",106,1.39,0.7,0.4,0.94,5.28,0.68,1.75,675,3.45
1,14.06,17.6,"17.6, magnesium = 121, total_phenols = 2.6, flavanoids = 2.51, nonflavanoid_phenols = 0.31, proanthocyanins = 1.25, color_intensity = 5.05, hue = 1.06, od280_od315_of_diluted_wines = 3.58, proline = 129",121,2.6,2.51,0.31,1.25,5.05,1.06,3.58,1295,1.63
1,13.64,15.2,"15.2, magnesium = 116, total_phenols = 2.7, flavanoids = 3.03, nonflavanoid_phenols = 0.17, proanthocyanins = 1.66, color_intensity = 5.1, hue = 0.96, od280_od315_of_diluted_wines = 3.36, proline = 84",116,2.7,3.03,0.17,1.66,5.1,0.96,3.36,845,3.1
1,13.87,19.4,"19.4, magnesium = 107, total_phenols = 2.95, flavanoids = 2.97, nonflavanoid_phenols = 0.37, proanthocyanins = 1.76, color_intensity = 4.5, hue = 1.25, od280_od315_of_diluted_wines = 3.4, proline = 91",107,2.95,2.97,0.37,1.76,4.5,1.25,3.4,915,1.9
3,12.2,19.0,"19.0, magnesium = 96, total_phenols = 1.25, flavanoids = 0.49, nonflavanoid_phenols = 0.4, proanthocyanins = 0.73, color_intensity = 5.5, hue = 0.66, od280_od315_of_diluted_wines = 1.83, proline = 51",96,1.25,0.49,0.4,0.73,5.5,0.66,1.83,510,3.03
2,12.72,18.8,"18.8, magnesium = 86, total_phenols = 2.2, flavanoids = 2.53, nonflavanoid_phenols = 0.26, proanthocyanins = 1.77, color_intensity = 3.9, hue = 1.16, od280_od315_of_diluted_wines = 3.14, proline = 71",86,2.2,2.53,0.26,1.77,3.9,1.16,3.14,714,1.81
1,12.85,17.8,"17.8, magnesium = 95, total_phenols = 2.48, flavanoids = 2.37, nonflavanoid_phenols = 0.26, proanthocyanins = 1.46, color_intensity = 3.93, hue = 1.09, od280_od315_of_diluted_wines = 3.63, proline = 101",95,2.48,2.37,0.26,1.46,3.93,1.09,3.63,1015,1.6
2,13.03,16.0,"16.0, magnesium = 86, total_phenols = 1.95, flavanoids = 2.03, nonflavanoid_phenols = 0.24, proanthocyanins = 1.46, color_intensity = 4.6, hue = 1.19, od280_od315_of_diluted_wines = 2.48, proline = 39",86,1.95,2.03,0.24,1.46,4.6,1.19,2.48,392,0.9
3,13.5,24.0,"24.0, magnesium = 123, total_phenols = 1.4, flavanoids = 1.57, nonflavanoid_phenols = 0.22, proanthocyanins = 1.25, color_intensity = 8.6, hue = 0.59, od280_od315_of_diluted_wines = 1.3, proline = 50",123,1.4,1.57,0.22,1.25,8.6,0.59,1.3,500,3.12
1,14.83,14.0,"14.0, magnesium = 97, total_phenols = 2.8, flavanoids = 2.98, nonflavanoid_phenols = 0.29, proanthocyanins = 1.98, color_intensity = 5.2, hue = 1.08, od280_od315_of_diluted_wines = 2.85, proline = 104",97,2.8,2.98,0.29,1.98,5.2,1.08,2.85,1045,1.64
3,12.85,22.0,"22.0, magnesium = 106, total_phenols = 1.65, flavanoids = 0.6, nonflavanoid_phenols = 0.6, proanthocyanins = 0.96, color_intensity = 5.58, hue = 0.87, od280_od315_of_diluted_wines = 2.11, proline = 57",106,1.65,0.6,0.6,0.96,5.58,0.87,2.11,570,3.27
3,13.84,19.5,"19.5, magnesium = 89, total_phenols = 1.8, flavanoids = 0.83, nonflavanoid_phenols = 0.48, proanthocyanins = 1.56, color_intensity = 9.01, hue = 0.57, od280_od315_of_diluted_wines = 1.64, proline = 48",89,1.8,0.83,0.48,1.56,9.01,0.57,1.64,480,4.12
2,12.37,18.5,"18.5, magnesium = 88, total_phenols = 3.52, flavanoids = 3.75, nonflavanoid_phenols = 0.24, proanthocyanins = 1.95, color_intensity = 4.5, hue = 1.04, od280_od315_of_diluted_wines = 2.77, proline = 66",88,3.52,3.75,0.24,1.95,4.5,1.04,2.77,660,1.13
3,14.34,25.0,"25.0, magnesium = 98, total_phenols = 2.8, flavanoids = 1.31, nonflavanoid_phenols = 0.53, proanthocyanins = 2.7, color_intensity = 13.0, hue = 0.57, od280_od315_of_diluted_wines = 1.96, proline = 66",98,2.8,1.31,0.53,2.7,13.0,0.57,1.96,660,1.68
3,13.69,20.0,"20.0, magnesium = 107, total_phenols = 1.83, flavanoids = 0.56, nonflavanoid_phenols = 0.5, proanthocyanins = 0.8, color_intensity = 5.88, hue = 0.96, od280_od315_of_diluted_wines = 1.82, proline = 68",107,1.83,0.56,0.5,0.8,5.88,0.96,1.82,680,3.26
3,12.7,21.5,"21.5, magnesium = 106, total_phenols = 1.7, flavanoids = 1.2, nonflavanoid_phenols = 0.17, proanthocyanins = 0.84, color_intensity = 5.0, hue = 0.78, od280_od315_of_diluted_wines = 1.29, proline = 60",106,1.7,1.2,0.17,0.84,5.0,0.78,1.29,600,3.55
3,12.51,17.5,"17.5, magnesium = 85, total_phenols = 2.0, flavanoids = 0.58, nonflavanoid_phenols = 0.6, proanthocyanins = 1.25, color_intensity = 5.45, hue = 0.75, od280_od315_of_diluted_wines = 1.51, proline = 65",85,2.0,0.58,0.6,1.25,5.45,0.75,1.51,650,1.73
2,12.33,14.8,"14.8, magnesium = 136, total_phenols = 1.9, flavanoids = 1.85, nonflavanoid_phenols = 0.35, proanthocyanins = 2.76, color_intensity = 3.4, hue = 1.06, od280_od315_of_diluted_wines = 2.31, proline = 75",136,1.9,1.85,0.35,2.76,3.4,1.06,2.31,750,1.1
3,12.79,22.0,"22.0, magnesium = 112, total_phenols = 1.48, flavanoids = 1.36, nonflavanoid_phenols = 0.24, proanthocyanins = 1.26, color_intensity = 10.8, hue = 0.48, od280_od315_of_diluted_wines = 1.47, proline = 48",112,1.48,1.36,0.24,1.26,10.8,0.48,1.47,480,2.67
1,13.05,18.0,"18.0, magnesium = 98, total_phenols = 2.45, flavanoids = 2.43, nonflavanoid_phenols = 0.29, proanthocyanins = 1.44, color_intensity = 4.25, hue = 1.12, od280_od315_of_diluted_wines = 2.51, proline = 110",98,2.45,2.43,0.29,1.44,4.25,1.12,2.51,1105,1.73
1,13.39,16.1,"16.1, magnesium = 93, total_phenols = 2.85, flavanoids = 2.94, nonflavanoid_phenols = 0.34, proanthocyanins = 1.45, color_intensity = 4.8, hue = 0.92, od280_od315_of_diluted_wines = 3.22, proline = 119",93,2.85,2.94,0.34,1.45,4.8,0.92,3.22,1195,1.77
3,13.27,20.0,"20.0, magnesium = 120, total_phenols = 1.59, flavanoids = 0.69, nonflavanoid_phenols = 0.43, proanthocyanins = 1.35, color_intensity = 10.2, hue = 0.59, od280_od315_of_diluted_wines = 1.56, proline = 83",120,1.59,0.69,0.43,1.35,10.2,0.59,1.56,835,4.28
3,13.78,22.0,"22.0, magnesium = 90, total_phenols = 1.35, flavanoids = 0.68, nonflavanoid_phenols = 0.41, proanthocyanins = 1.03, color_intensity = 9.58, hue = 0.7, od280_od315_of_diluted_wines = 1.68, proline = 61",90,1.35,0.68,0.41,1.03,9.58,0.7,1.68,615,2.76
2,13.49,24.0,"24.0, magnesium = 87, total_phenols = 1.88, flavanoids = 1.84, nonflavanoid_phenols = 0.27, proanthocyanins = 1.03, color_intensity = 3.74, hue = 0.98, od280_od315_of_diluted_wines = 2.78, proline = 47",87,1.88,1.84,0.27,1.03,3.74,0.98,2.78,472,3.59
2,13.86,25.0,"25.0, magnesium = 86, total_phenols = 2.95, flavanoids = 2.86, nonflavanoid_phenols = 0.21, proanthocyanins = 1.87, color_intensity = 3.38, hue = 1.36, od280_od315_of_diluted_wines = 3.16, proline = 41",86,2.95,2.86,0.21,1.87,3.38,1.36,3.16,410,1.35
2,12.08,17.5,"17.5, magnesium = 97, total_phenols = 2.23, flavanoids = 2.17, nonflavanoid_phenols = 0.26, proanthocyanins = 1.4, color_intensity = 3.3, hue = 1.27, od280_od315_of_diluted_wines = 2.96, proline = 71",97,2.23,2.17,0.26,1.4,3.3,1.27,2.96,710,1.13
2,12.29,18.0,"18.0, magnesium = 88, total_phenols = 2.45, flavanoids = 2.25, nonflavanoid_phenols = 0.25, proanthocyanins = 1.99, color_intensity = 2.15, hue = 1.15, od280_od315_of_diluted_wines = 3.3, proline = 29",88,2.45,2.25,0.25,1.99,2.15,1.15,3.3,290,1.61
1,13.48,20.5,"20.5, magnesium = 100, total_phenols = 2.7, flavanoids = 2.98, nonflavanoid_phenols = 0.26, proanthocyanins = 1.86, color_intensity = 5.1, hue = 1.04, od280_od315_of_diluted_wines = 3.47, proline = 92",100,2.7,2.98,0.26,1.86,5.1,1.04,3.47,920,1.67
3,13.36,20.0,"20.0, magnesium = 89, total_phenols = 1.4, flavanoids = 0.5, nonflavanoid_phenols = 0.37, proanthocyanins = 0.64, color_intensity = 5.6, hue = 0.7, od280_od315_of_diluted_wines = 2.47, proline = 78",89,1.4,0.5,0.37,0.64,5.6,0.7,2.47,780,2.56
1,13.29,16.8,"16.8, magnesium = 102, total_phenols = 3.0, flavanoids = 3.23, nonflavanoid_phenols = 0.31, proanthocyanins = 1.66, color_intensity = 6.0, hue = 1.07, od280_od315_of_diluted_wines = 2.84, proline = 127",102,3.0,3.23,0.31,1.66,6.0,1.07,2.84,1270,1.97
2,13.67,18.0,"18.0, magnesium = 94, total_phenols = 2.1, flavanoids = 1.79, nonflavanoid_phenols = 0.32, proanthocyanins = 0.73, color_intensity = 3.8, hue = 1.23, od280_od315_of_diluted_wines = 2.46, proline = 63",94,2.1,1.79,0.32,0.73,3.8,1.23,2.46,630,1.25
1,14.12,16.8,"16.8, magnesium = 95, total_phenols = 2.2, flavanoids = 2.43, nonflavanoid_phenols = 0.26, proanthocyanins = 1.57, color_intensity = 5.0, hue = 1.17, od280_od315_of_diluted_wines = 2.82, proline = 128",95,2.2,2.43,0.26,1.57,5.0,1.17,2.82,1280,1.48
2,12.16,22.8,"22.8, magnesium = 90, total_phenols = 1.78, flavanoids = 1.69, nonflavanoid_phenols = 0.43, proanthocyanins = 1.56, color_intensity = 2.45, hue = 1.33, od280_od315_of_diluted_wines = 2.26, proline = 49",90,1.78,1.69,0.43,1.56,2.45,1.33,2.26,495,3.03
1,13.05,25.0,"25.0, magnesium = 124, total_phenols = 2.63, flavanoids = 2.68, nonflavanoid_phenols = 0.47, proanthocyanins = 1.92, color_intensity = 3.58, hue = 1.13, od280_od315_of_diluted_wines = 3.2, proline = 83",124,2.63,2.68,0.47,1.92,3.58,1.13,3.2,830,1.73
1,14.38,12.0,"12.0, magnesium = 102, total_phenols = 3.3, flavanoids = 3.64, nonflavanoid_phenols = 0.29, proanthocyanins = 2.96, color_intensity = 7.5, hue = 1.2, od280_od315_of_diluted_wines = 3.0, proline = 154",102,3.3,3.64,0.29,2.96,7.5,1.2,3.0,1547,1.87
1,13.5,20.0,"20.0, magnesium = 96, total_phenols = 2.53, flavanoids = 2.61, nonflavanoid_phenols = 0.28, proanthocyanins = 1.66, color_intensity = 3.52, hue = 1.12, od280_od315_of_diluted_wines = 3.82, proline = 84",96,2.53,2.61,0.28,1.66,3.52,1.12,3.82,845,1.81
2,13.34,17.0,"17.0, magnesium = 110, total_phenols = 2.53, flavanoids = 1.3, nonflavanoid_phenols = 0.55, proanthocyanins = 0.42, color_intensity = 3.17, hue = 1.02, od280_od315_of_diluted_wines = 1.93, proline = 75",110,2.53,1.3,0.55,0.42,3.17,1.02,1.93,750,0.94
1,13.94,17.4,"17.4, magnesium = 108, total_phenols = 2.88, flavanoids = 3.54, nonflavanoid_phenols = 0.32, proanthocyanins = 2.08, color_intensity = 8.9, hue = 1.12, od280_od315_of_diluted_wines = 3.1, proline = 126",108,2.88,3.54,0.32,2.08,8.9,1.12,3.1,1260,1.73
3,13.58,24.5,"24.5, magnesium = 105, total_phenols = 1.55, flavanoids = 0.84, nonflavanoid_phenols = 0.39, proanthocyanins = 1.54, color_intensity = 8.66, hue = 0.74, od280_od315_of_diluted_wines = 1.8, proline = 75",105,1.55,0.84,0.39,1.54,8.66,0.74,1.8,750,2.86
2,12.0,22.0,"22.0, magnesium = 86, total_phenols = 1.45, flavanoids = 1.25, nonflavanoid_phenols = 0.5, proanthocyanins = 1.63, color_intensity = 3.6, hue = 1.05, od280_od315_of_diluted_wines = 2.65, proline = 45",86,1.45,1.25,0.5,1.63,3.6,1.05,2.65,450,1.51
1,13.83,20.0,"20.0, magnesium = 115, total_phenols = 2.95, flavanoids = 3.4, nonflavanoid_phenols = 0.4, proanthocyanins = 1.72, color_intensity = 6.6, hue = 1.13, od280_od315_of_diluted_wines = 2.57, proline = 113",115,2.95,3.4,0.4,1.72,6.6,1.13,2.57,1130,1.57
2,12.25,19.0,"19.0, magnesium = 80, total_phenols = 1.65, flavanoids = 2.03, nonflavanoid_phenols = 0.37, proanthocyanins = 1.63, color_intensity = 3.4, hue = 1.0, od280_od315_of_diluted_wines = 3.17, proline = 51",80,1.65,2.03,0.37,1.63,3.4,1.0,3.17,510,1.73
3,12.93,21.0,"21.0, magnesium = 96, total_phenols = 1.54, flavanoids = 0.5, nonflavanoid_phenols = 0.53, proanthocyanins = 0.75, color_intensity = 4.6, hue = 0.77, od280_od315_of_diluted_wines = 2.31, proline = 60",96,1.54,0.5,0.53,0.75,4.6,0.77,2.31,600,2.81
2,12.0,19.0,"19.0, magnesium = 86, total_phenols = 2.42, flavanoids = 2.26, nonflavanoid_phenols = 0.3, proanthocyanins = 1.43, color_intensity = 2.5, hue = 1.38, od280_od315_of_diluted_wines = 3.12, proline = 27",86,2.42,2.26,0.3,1.43,2.5,1.38,3.12,278,1.51
3,12.25,21.0,"21.0, magnesium = 89, total_phenols = 1.38, flavanoids = 0.47, nonflavanoid_phenols = 0.53, proanthocyanins = 0.8, color_intensity = 3.85, hue = 0.75, od280_od315_of_diluted_wines = 1.27, proline = 72",89,1.38,0.47,0.53,0.8,3.85,0.75,1.27,720,4.72
2,11.41,21.0,"21.0, magnesium = 88, total_phenols = 2.48, flavanoids = 2.01, nonflavanoid_phenols = 0.42, proanthocyanins = 1.44, color_intensity = 3.08, hue = 1.1, od280_od315_of_diluted_wines = 2.31, proline = 43",88,2.48,2.01,0.42,1.44,3.08,1.1,2.31,434,0.74
2,12.42,22.0,"22.0, magnesium = 90, total_phenols = 1.68, flavanoids = 1.84, nonflavanoid_phenols = 0.66, proanthocyanins = 1.42, color_intensity = 2.7, hue = 0.86, od280_od315_of_diluted_wines = 3.3, proline = 31",90,1.68,1.84,0.66,1.42,2.7,0.86,3.3,315,4.43
1,13.71,16.6,"16.6, magnesium = 101, total_phenols = 2.61, flavanoids = 2.88, nonflavanoid_phenols = 0.27, proanthocyanins = 1.69, color_intensity = 3.8, hue = 1.11, od280_od315_of_diluted_wines = 4.0, proline = 103",101,2.61,2.88,0.27,1.69,3.8,1.11,4.0,1035,1.86
2,12.08,23.6,"23.6, magnesium = 70, total_phenols = 2.2, flavanoids = 1.59, nonflavanoid_phenols = 0.42, proanthocyanins = 1.38, color_intensity = 1.74, hue = 1.07, od280_od315_of_diluted_wines = 3.21, proline = 62",70,2.2,1.59,0.42,1.38,1.74,1.07,3.21,625,1.13
3,13.32,21.5,"21.5, magnesium = 92, total_phenols = 1.93, flavanoids = 0.76, nonflavanoid_phenols = 0.45, proanthocyanins = 1.25, color_intensity = 8.42, hue = 0.55, od280_od315_of_diluted_wines = 1.62, proline = 65",92,1.93,0.76,0.45,1.25,8.42,0.55,1.62,650,3.24
3,13.23,18.5,"18.5, magnesium = 98, total_phenols = 1.8, flavanoids = 0.83, nonflavanoid_phenols = 0.61, proanthocyanins = 1.87, color_intensity = 10.52, hue = 0.56, od280_od315_of_diluted_wines = 1.51, proline = 67",98,1.8,0.83,0.61,1.87,10.52,0.56,1.51,675,4.3
2,11.84,18.0,"18.0, magnesium = 94, total_phenols = 2.2, flavanoids = 2.21, nonflavanoid_phenols = 0.22, proanthocyanins = 2.35, color_intensity = 3.05, hue = 0.79, od280_od315_of_diluted_wines = 3.08, proline = 52",94,2.2,2.21,0.22,2.35,3.05,0.79,3.08,520,0.89
3,13.88,20.0,"20.0, magnesium = 80, total_phenols = 0.98, flavanoids = 0.34, nonflavanoid_phenols = 0.4, proanthocyanins = 0.68, color_intensity = 4.9, hue = 0.58, od280_od315_of_diluted_wines = 1.33, proline = 41",80,0.98,0.34,0.4,0.68,4.9,0.58,1.33,415,5.04
3,12.87,21.5,"21.5, magnesium = 86, total_phenols = 1.7, flavanoids = 0.65, nonflavanoid_phenols = 0.47, proanthocyanins = 0.86, color_intensity = 7.65, hue = 0.54, od280_od315_of_diluted_wines = 1.86, proline = 62",86,1.7,0.65,0.47,0.86,7.65,0.54,1.86,625,4.61
3,12.77,19.5,"19.5, magnesium = 86, total_phenols = 1.39, flavanoids = 0.51, nonflavanoid_phenols = 0.48, proanthocyanins = 0.64, color_intensity = 9.899999, hue = 0.57, od280_od315_of_diluted_wines = 1.63, proline = 47",86,1.39,0.51,0.48,0.64,9.899999,0.57,1.63,470,2.39
2,12.21,16.8,"16.8, magnesium = 151, total_phenols = 1.85, flavanoids = 1.28, nonflavanoid_phenols = 0.14, proanthocyanins = 2.5, color_intensity = 2.85, hue = 1.28, od280_od315_of_diluted_wines = 3.07, proline = 71",151,1.85,1.28,0.14,2.5,2.85,1.28,3.07,718,1.19
2,13.05,21.5,"21.5, magnesium = 86, total_phenols = 2.62, flavanoids = 2.65, nonflavanoid_phenols = 0.3, proanthocyanins = 2.01, color_intensity = 2.6, hue = 0.73, od280_od315_of_diluted_wines = 3.1, proline = 38",86,2.62,2.65,0.3,2.01,2.6,0.73,3.1,380,1.65
3,12.25,18.5,"18.5, magnesium = 112, total_phenols = 1.38, flavanoids = 0.78, nonflavanoid_phenols = 0.29, proanthocyanins = 1.14, color_intensity = 8.21, hue = 0.65, od280_od315_of_diluted_wines = 2.0, proline = 85",112,1.38,0.78,0.29,1.14,8.21,0.65,2.0,855,3.88
2,12.52,21.0,"21.0, magnesium = 88, total_phenols = 2.55, flavanoids = 2.27, nonflavanoid_phenols = 0.26, proanthocyanins = 1.22, color_intensity = 2.0, hue = 0.9, od280_od315_of_diluted_wines = 2.78, proline = 32",88,2.55,2.27,0.26,1.22,2.0,0.9,2.78,325,2.32
3,12.86,18.0,"18.0, magnesium = 122, total_phenols = 1.51, flavanoids = 1.25, nonflavanoid_phenols = 0.21, proanthocyanins = 0.94, color_intensity = 4.1, hue = 0.76, od280_od315_of_diluted_wines = 1.29, proline = 63",122,1.51,1.25,0.21,0.94,4.1,0.76,1.29,630,1.35
3,13.11,25.5,"25.5, magnesium = 116, total_phenols = 2.2, flavanoids = 1.28, nonflavanoid_phenols = 0.26, proanthocyanins = 1.56, color_intensity = 7.1, hue = 0.61, od280_od315_of_diluted_wines = 1.33, proline = 42",116,2.2,1.28,0.26,1.56,7.1,0.61,1.33,425,1.01
2,12.07,21.0,"21.0, magnesium = 85, total_phenols = 2.6, flavanoids = 2.65, nonflavanoid_phenols = 0.37, proanthocyanins = 1.35, color_intensity = 2.76, hue = 0.86, od280_od315_of_diluted_wines = 3.28, proline = 37",85,2.6,2.65,0.37,1.35,2.76,0.86,3.28,378,2.16
1,13.82,14.0,"14.0, magnesium = 111, total_phenols = 3.88, flavanoids = 3.74, nonflavanoid_phenols = 0.32, proanthocyanins = 1.87, color_intensity = 7.05, hue = 1.01, od280_od315_of_diluted_wines = 3.26, proline = 119",111,3.88,3.74,0.32,1.87,7.05,1.01,3.26,1190,1.75
1,13.56,16.2,"16.2, magnesium = 117, total_phenols = 3.15, flavanoids = 3.29, nonflavanoid_phenols = 0.34, proanthocyanins = 2.34, color_intensity = 6.13, hue = 0.95, od280_od315_of_diluted_wines = 3.38, proline = 79",117,3.15,3.29,0.34,2.34,6.13,0.95,3.38,795,1.73
3,14.13,24.5,"24.5, magnesium = 96, total_phenols = 2.05, flavanoids = 0.76, nonflavanoid_phenols = 0.56, proanthocyanins = 1.35, color_intensity = 9.2, hue = 0.61, od280_od315_of_diluted_wines = 1.6, proline = 56",96,2.05,0.76,0.56,1.35,9.2,0.61,1.6,560,4.1
1,13.2,11.2,"11.2, magnesium = 100, total_phenols = 2.65, flavanoids = 2.76, nonflavanoid_phenols = 0.26, proanthocyanins = 1.28, color_intensity = 4.38, hue = 1.05, od280_od315_of_diluted_wines = 3.4, proline = 105",100,2.65,2.76,0.26,1.28,4.38,1.05,3.4,1050,1.13
3,13.45,23.0,"23.0, magnesium = 111, total_phenols = 1.7, flavanoids = 0.92, nonflavanoid_phenols = 0.43, proanthocyanins = 1.46, color_intensity = 10.68, hue = 0.85, od280_od315_of_diluted_wines = 1.56, proline = 69",111,1.7,0.92,0.43,1.46,10.68,0.85,1.56,695,3.7
1,13.88,15.0,"15.0, magnesium = 101, total_phenols = 3.25, flavanoids = 3.56, nonflavanoid_phenols = 0.17, proanthocyanins = 1.7, color_intensity = 5.43, hue = 0.88, od280_od315_of_diluted_wines = 3.56, proline = 109",101,3.25,3.56,0.17,1.7,5.43,0.88,3.56,1095,1.89
3,12.82,19.5,"19.5, magnesium = 88, total_phenols = 1.48, flavanoids = 0.66, nonflavanoid_phenols = 0.4, proanthocyanins = 0.97, color_intensity = 10.26, hue = 0.72, od280_od315_of_diluted_wines = 1.75, proline = 68",88,1.48,0.66,0.4,0.97,10.26,0.72,1.75,685,3.37
2,12.0,19.0,"19.0, magnesium = 87, total_phenols = 2.0, flavanoids = 1.64, nonflavanoid_phenols = 0.37, proanthocyanins = 1.87, color_intensity = 1.28, hue = 0.93, od280_od315_of_diluted_wines = 3.05, proline = 56",87,2.0,1.64,0.37,1.87,1.28,0.93,3.05,564,1.51
1,13.77,17.1,"17.1, magnesium = 115, total_phenols = 3.0, flavanoids = 2.79, nonflavanoid_phenols = 0.39, proanthocyanins = 1.68, color_intensity = 6.3, hue = 1.13, od280_od315_of_diluted_wines = 2.93, proline = 137",115,3.0,2.79,0.39,1.68,6.3,1.13,2.93,1375,1.9
3,12.45,27.0,"27.0, magnesium = 97, total_phenols = 1.9, flavanoids = 0.58, nonflavanoid_phenols = 0.63, proanthocyanins = 1.14, color_intensity = 7.5, hue = 0.67, od280_od315_of_diluted_wines = 1.73, proline = 88",97,1.9,0.58,0.63,1.14,7.5,0.67,1.73,880,3.03
3,13.16,21.0,"21.0, magnesium = 102, total_phenols = 1.5, flavanoids = 0.55, nonflavanoid_phenols = 0.43, proanthocyanins = 1.3, color_intensity = 4.0, hue = 0.6, od280_od315_of_diluted_wines = 1.68, proline = 83",102,1.5,0.55,0.43,1.3,4.0,0.6,1.68,830,3.57
2,13.11,15.0,"15.0, magnesium = 78, total_phenols = 2.98, flavanoids = 3.18, nonflavanoid_phenols = 0.26, proanthocyanins = 2.28, color_intensity = 5.3, hue = 1.12, od280_od315_of_diluted_wines = 3.18, proline = 50",78,2.98,3.18,0.26,2.28,5.3,1.12,3.18,502,1.01
1,13.68,17.2,"17.2, magnesium = 104, total_phenols = 2.42, flavanoids = 2.69, nonflavanoid_phenols = 0.42, proanthocyanins = 1.97, color_intensity = 3.84, hue = 1.23, od280_od315_of_diluted_wines = 2.87, proline = 99",104,2.42,2.69,0.42,1.97,3.84,1.23,2.87,990,1.83
3,13.73,22.5,"22.5, magnesium = 88, total_phenols = 1.28, flavanoids = 0.47, nonflavanoid_phenols = 0.52, proanthocyanins = 1.15, color_intensity = 6.62, hue = 0.78, od280_od315_of_diluted_wines = 1.75, proline = 52",88,1.28,0.47,0.52,1.15,6.62,0.78,1.75,520,4.36
3,13.17,20.0,"20.0, magnesium = 120, total_phenols = 1.65, flavanoids = 0.68, nonflavanoid_phenols = 0.53, proanthocyanins = 1.46, color_intensity = 9.3, hue = 0.6, od280_od315_of_diluted_wines = 1.62, proline = 84",120,1.65,0.68,0.53,1.46,9.3,0.6,1.62,840,5.19
2,11.84,18.0,"18.0, magnesium = 112, total_phenols = 1.72, flavanoids = 1.32, nonflavanoid_phenols = 0.43, proanthocyanins = 0.95, color_intensity = 2.65, hue = 0.96, od280_od315_of_diluted_wines = 2.52, proline = 50",112,1.72,1.32,0.43,0.95,2.65,0.96,2.52,500,2.89
3,13.52,23.5,"23.5, magnesium = 97, total_phenols = 1.55, flavanoids = 0.52, nonflavanoid_phenols = 0.5, proanthocyanins = 0.55, color_intensity = 4.35, hue = 0.89, od280_od315_of_diluted_wines = 2.06, proline = 52",97,1.55,0.52,0.5,0.55,4.35,0.89,2.06,520,3.17
2,12.08,24.0,"24.0, magnesium = 78, total_phenols = 2.0, flavanoids = 1.58, nonflavanoid_phenols = 0.4, proanthocyanins = 1.4, color_intensity = 2.2, hue = 1.31, od280_od315_of_diluted_wines = 2.72, proline = 63",78,2.0,1.58,0.4,1.4,2.2,1.31,2.72,630,1.13
3,12.58,20.0,"20.0, magnesium = 103, total_phenols = 1.48, flavanoids = 0.58, nonflavanoid_phenols = 0.53, proanthocyanins = 1.4, color_intensity = 7.6, hue = 0.58, od280_od315_of_diluted_wines = 1.55, proline = 64",103,1.48,0.58,0.53,1.4,7.6,0.58,1.55,640,1.29
2,11.66,16.0,"16.0, magnesium = 97, total_phenols = 1.61, flavanoids = 1.57, nonflavanoid_phenols = 0.34, proanthocyanins = 1.15, color_intensity = 3.8, hue = 1.23, od280_od315_of_diluted_wines = 2.14, proline = 42",97,1.61,1.57,0.34,1.15,3.8,1.23,2.14,428,1.88
2,12.08,22.5,"22.5, magnesium = 84, total_phenols = 2.56, flavanoids = 2.29, nonflavanoid_phenols = 0.43, proanthocyanins = 1.04, color_intensity = 2.9, hue = 0.93, od280_od315_of_diluted_wines = 3.19, proline = 38",84,2.56,2.29,0.43,1.04,2.9,0.93,3.19,385,1.13
3,13.62,20.0,"20.0, magnesium = 92, total_phenols = 2.0, flavanoids = 0.8, nonflavanoid_phenols = 0.47, proanthocyanins = 1.02, color_intensity = 4.4, hue = 0.91, od280_od315_of_diluted_wines = 2.05, proline = 55",92,2.0,0.8,0.47,1.02,4.4,0.91,2.05,550,4.95
2,13.05,22.5,"22.5, magnesium = 85, total_phenols = 1.65, flavanoids = 1.59, nonflavanoid_phenols = 0.61, proanthocyanins = 1.62, color_intensity = 4.8, hue = 0.84, od280_od315_of_diluted_wines = 2.01, proline = 51",85,1.65,1.59,0.61,1.62,4.8,0.84,2.01,515,5.8
2,12.29,20.4,"20.4, magnesium = 103, total_phenols = 1.1, flavanoids = 1.02, nonflavanoid_phenols = 0.37, proanthocyanins = 1.46, color_intensity = 3.05, hue = 0.906, od280_od315_of_diluted_wines = 1.82, proline = 87",103,1.1,1.02,0.37,1.46,3.05,0.906,1.82,870,1.61
2,12.99,30.0,"30.0, magnesium = 139, total_phenols = 3.3, flavanoids = 2.89, nonflavanoid_phenols = 0.21, proanthocyanins = 1.96, color_intensity = 3.35, hue = 1.31, od280_od315_of_diluted_wines = 3.5, proline = 98",139,3.3,2.89,0.21,1.96,3.35,1.31,3.5,985,1.67
1,14.23,15.6,"15.6, magnesium = 127, total_phenols = 2.8, flavanoids = 3.06, nonflavanoid_phenols = 0.28, proanthocyanins = 2.29, color_intensity = 5.64, hue = 1.04, od280_od315_of_diluted_wines = 3.92, proline = 106",127,2.8,3.06,0.28,2.29,5.64,1.04,3.92,1065,1.71
2,11.79,28.5,"28.5, magnesium = 92, total_phenols = 2.13, flavanoids = 2.24, nonflavanoid_phenols = 0.58, proanthocyanins = 1.76, color_intensity = 3.0, hue = 0.97, od280_od315_of_diluted_wines = 2.44, proline = 46",92,2.13,2.24,0.58,1.76,3.0,0.97,2.44,466,2.13
2,11.82,20.8,"20.8, magnesium = 86, total_phenols = 1.98, flavanoids = 1.6, nonflavanoid_phenols = 0.3, proanthocyanins = 1.53, color_intensity = 1.95, hue = 0.95, od280_od315_of_diluted_wines = 3.33, proline = 49",86,1.98,1.6,0.3,1.53,1.95,0.95,3.33,495,1.72
1,13.07,15.5,"15.5, magnesium = 98, total_phenols = 2.4, flavanoids = 2.64, nonflavanoid_phenols = 0.28, proanthocyanins = 1.37, color_intensity = 3.7, hue = 1.18, od280_od315_of_diluted_wines = 2.69, proline = 102",98,2.4,2.64,0.28,1.37,3.7,1.18,2.69,1020,1.5
1,14.22,16.3,"16.3, magnesium = 118, total_phenols = 3.2, flavanoids = 3.0, nonflavanoid_phenols = 0.26, proanthocyanins = 2.03, color_intensity = 6.38, hue = 0.94, od280_od315_of_diluted_wines = 3.31, proline = 97",118,3.2,3.0,0.26,2.03,6.38,0.94,3.31,970,3.99
1,13.73,22.5,"22.5, magnesium = 101, total_phenols = 3.0, flavanoids = 3.25, nonflavanoid_phenols = 0.29, proanthocyanins = 2.38, color_intensity = 5.7, hue = 1.19, od280_od315_of_diluted_wines = 2.71, proline = 128",101,3.0,3.25,0.29,2.38,5.7,1.19,2.71,1285,1.5
2,12.37,19.6,"19.6, magnesium = 78, total_phenols = 2.11, flavanoids = 2.0, nonflavanoid_phenols = 0.27, proanthocyanins = 1.04, color_intensity = 4.68, hue = 1.12, od280_od315_of_diluted_wines = 3.48, proline = 51",78,2.11,2.0,0.27,1.04,4.68,1.12,3.48,510,1.17
2,12.08,18.5,"18.5, magnesium = 81, total_phenols = 1.6, flavanoids = 1.5, nonflavanoid_phenols = 0.52, proanthocyanins = 1.64, color_intensity = 2.4, hue = 1.08, od280_od315_of_diluted_wines = 2.27, proline = 48",81,1.6,1.5,0.52,1.64,2.4,1.08,2.27,480,1.13
2,12.47,19.0,"19.0, magnesium = 162, total_phenols = 2.5, flavanoids = 2.27, nonflavanoid_phenols = 0.32, proanthocyanins = 3.28, color_intensity = 2.6, hue = 1.16, od280_od315_of_diluted_wines = 2.63, proline = 93",162,2.5,2.27,0.32,3.28,2.6,1.16,2.63,937,1.73
1,14.38,16.0,"16.0, magnesium = 102, total_phenols = 3.25, flavanoids = 3.17, nonflavanoid_phenols = 0.27, proanthocyanins = 2.19, color_intensity = 4.9, hue = 1.04, od280_od315_of_diluted_wines = 3.44, proline = 106",102,3.25,3.17,0.27,2.19,4.9,1.04,3.44,1065,1.87
1,13.51,19.0,"19.0, magnesium = 110, total_phenols = 2.35, flavanoids = 2.53, nonflavanoid_phenols = 0.29, proanthocyanins = 1.54, color_intensity = 4.2, hue = 1.1, od280_od315_of_diluted_wines = 2.87, proline = 109",110,2.35,2.53,0.29,1.54,4.2,1.1,2.87,1095,1.8
3,12.84,24.0,"24.0, magnesium = 101, total_phenols = 2.32, flavanoids = 0.6, nonflavanoid_phenols = 0.53, proanthocyanins = 0.81, color_intensity = 4.92, hue = 0.89, od280_od315_of_diluted_wines = 2.15, proline = 59",101,2.32,0.6,0.53,0.81,4.92,0.89,2.15,590,2.96
1,13.76,19.5,"19.5, magnesium = 132, total_phenols = 2.95, flavanoids = 2.74, nonflavanoid_phenols = 0.5, proanthocyanins = 1.35, color_intensity = 5.4, hue = 1.25, od280_od315_of_diluted_wines = 3.0, proline = 123",132,2.95,2.74,0.5,1.35,5.4,1.25,3.0,1235,1.53
3,12.36,21.0,"21.0, magnesium = 88, total_phenols = 2.3, flavanoids = 0.92, nonflavanoid_phenols = 0.5, proanthocyanins = 1.04, color_intensity = 7.65, hue = 0.56, od280_od315_of_diluted_wines = 1.58, proline = 52",88,2.3,0.92,0.5,1.04,7.65,0.56,1.58,520,3.83
1,13.72,16.7,"16.7, magnesium = 108, total_phenols = 3.4, flavanoids = 3.67, nonflavanoid_phenols = 0.19, proanthocyanins = 2.04, color_intensity = 6.8, hue = 0.89, od280_od315_of_diluted_wines = 2.87, proline = 128",108,3.4,3.67,0.19,2.04,6.8,0.89,2.87,1285,1.43
1,13.05,17.0,"17.0, magnesium = 107, total_phenols = 3.0, flavanoids = 3.0, nonflavanoid_phenols = 0.28, proanthocyanins = 2.03, color_intensity = 5.04, hue = 0.88, od280_od315_of_diluted_wines = 3.35, proline = 88",107,3.0,3.0,0.28,2.03,5.04,0.88,3.35,885,1.65
2,11.61,20.0,"20.0, magnesium = 94, total_phenols = 2.74, flavanoids = 2.92, nonflavanoid_phenols = 0.29, proanthocyanins = 2.49, color_intensity = 2.65, hue = 0.96, od280_od315_of_diluted_wines = 3.26, proline = 68",94,2.74,2.92,0.29,2.49,2.65,0.96,3.26,680,1.35
3,13.4,23.0,"23.0, magnesium = 102, total_phenols = 1.8, flavanoids = 0.75, nonflavanoid_phenols = 0.43, proanthocyanins = 1.41, color_intensity = 7.3, hue = 0.7, od280_od315_of_diluted_wines = 1.56, proline = 75",102,1.8,0.75,0.43,1.41,7.3,0.7,1.56,750,3.91
3,13.4,25.0,"25.0, magnesium = 112, total_phenols = 1.98, flavanoids = 0.96, nonflavanoid_phenols = 0.27, proanthocyanins = 1.11, color_intensity = 8.5, hue = 0.67, od280_od315_of_diluted_wines = 1.92, proline = 63",112,1.98,0.96,0.27,1.11,8.5,0.67,1.92,630,3.91
2,12.37,24.5,"24.5, magnesium = 88, total_phenols = 2.22, flavanoids = 2.45, nonflavanoid_phenols = 0.4, proanthocyanins = 1.9, color_intensity = 2.12, hue = 0.89, od280_od315_of_diluted_wines = 2.78, proline = 34",88,2.22,2.45,0.4,1.9,2.12,0.89,2.78,342,1.17
1,14.06,16.0,"16.0, magnesium = 126, total_phenols = 3.0, flavanoids = 3.17, nonflavanoid_phenols = 0.24, proanthocyanins = 2.1, color_intensity = 5.65, hue = 1.09, od280_od315_of_diluted_wines = 3.71, proline = 78",126,3.0,3.17,0.24,2.1,5.65,1.09,3.71,780,2.15
2,11.03,21.5,"21.5, magnesium = 85, total_phenols = 2.46, flavanoids = 2.17, nonflavanoid_phenols = 0.52, proanthocyanins = 2.01, color_intensity = 1.9, hue = 1.71, od280_od315_of_diluted_wines = 2.87, proline = 40",85,2.46,2.17,0.52,2.01,1.9,1.71,2.87,407,1.51
2,11.65,26.0,"26.0, magnesium = 88, total_phenols = 1.92, flavanoids = 1.61, nonflavanoid_phenols = 0.4, proanthocyanins = 1.34, color_intensity = 2.6, hue = 1.36, od280_od315_of_diluted_wines = 3.21, proline = 56",88,1.92,1.61,0.4,1.34,2.6,1.36,3.21,562,1.67
2,11.56,28.5,"28.5, magnesium = 119, total_phenols = 3.18, flavanoids = 5.08, nonflavanoid_phenols = 0.47, proanthocyanins = 1.87, color_intensity = 6.0, hue = 0.93, od280_od315_of_diluted_wines = 3.69, proline = 46",119,3.18,5.08,0.47,1.87,6.0,0.93,3.69,465,2.05
1,14.75,11.4,"11.4, magnesium = 91, total_phenols = 3.1, flavanoids = 3.69, nonflavanoid_phenols = 0.43, proanthocyanins = 2.81, color_intensity = 5.4, hue = 1.25, od280_od315_of_diluted_wines = 2.73, proline = 115",91,3.1,3.69,0.43,2.81,5.4,1.25,2.73,1150,1.73
3,12.88,20.0,"20.0, magnesium = 104, total_phenols = 1.3, flavanoids = 1.22, nonflavanoid_phenols = 0.24, proanthocyanins = 0.83, color_intensity = 5.4, hue = 0.74, od280_od315_of_diluted_wines = 1.42, proline = 53",104,1.3,1.22,0.24,0.83,5.4,0.74,1.42,530,2.99
