Age,WorkClass,fnlwgt,Education,EducationNum,MaritalStatus,Occupation,Relationship,Race,Gender,CapitalGain,CapitalLoss,HoursPerWeek
58,Private,33350,HS-grad,9,Divorced,Other-service,Unmarried,White,Female,0,0,40
34,Self-emp-not-inc,120672,7th-8th,4,Never-married,Handlers-cleaners,Unmarried,Black,Male,0,0,40
28,Private,37359,Assoc-voc,11,Married-civ-spouse,Prof-specialty,Husband,White,Male,99999,0,60
38,Private,83727,HS-grad,9,Divorced,Other-service,Unmarried,White,Female,0,0,40
33,Private,554206,Some-college,10,Never-married,Tech-support,Not-in-family,Black,Male,0,0,40
37,Private,188774,Bachelors,13,Married-civ-spouse,Adm-clerical,Husband,White,Male,0,0,80
42,Self-emp-inc,204033,Bachelors,13,Married-civ-spouse,Adm-clerical,Wife,White,Female,0,0,50
47,Local-gov,193012,Masters,14,Divorced,Protective-serv,Not-in-family,Black,Male,0,0,40
51,Private,169364,Some-college,10,Divorced,Handlers-cleaners,Not-in-family,White,Female,0,0,40
36,Private,33001,HS-grad,9,Divorced,Farming-fishing,Unmarried,White,Male,0,0,40
57,Private,182062,10th,6,Married-civ-spouse,Other-service,Husband,White,Male,0,0,40
42,Private,107276,Some-college,10,Never-married,Exec-managerial,Not-in-family,White,Female,0,2444,40
61,Private,213321,HS-grad,9,Married-civ-spouse,Protective-serv,Husband,White,Male,0,0,40
64,Local-gov,50442,9th,5,Never-married,Adm-clerical,Other-relative,White,Male,0,0,40
22,Private,60668,Some-college,10,Never-married,Craft-repair,Not-in-family,White,Male,0,0,40
17,Private,73145,9th,5,Never-married,Craft-repair,Own-child,White,Female,0,0,20
44,Private,286750,Bachelors,13,Married-civ-spouse,Exec-managerial,Husband,Black,Male,0,1902,45
53,Self-emp-not-inc,30008,10th,6,Married-civ-spouse,Farming-fishing,Husband,White,Male,0,0,40
30,Private,182177,HS-grad,9,Never-married,Other-service,Not-in-family,White,Male,0,0,40
41,Private,70092,Some-college,10,Divorced,Adm-clerical,Unmarried,White,Female,0,0,40
27,Private,381789,12th,8,Married-civ-spouse,Farming-fishing,Own-child,White,Male,0,0,40
50,Private,94391,Assoc-voc,11,Married-civ-spouse,Craft-repair,Husband,White,Male,0,0,40
50,Private,195690,HS-grad,9,Married-civ-spouse,Handlers-cleaners,Husband,White,Male,0,0,40
19,Private,327397,HS-grad,9,Never-married,Prof-specialty,Own-child,White,Male,0,0,35
26,Self-emp-not-inc,221626,HS-grad,9,Married-civ-spouse,Other-service,Wife,White,Female,0,1579,40
49,State-gov,194895,Bachelors,13,Divorced,Prof-specialty,Not-in-family,White,Male,0,0,40
33,Private,373662,1st-4th,2,Married-spouse-absent,Priv-house-serv,Not-in-family,White,Female,0,0,30
25,Private,131463,Bachelors,13,Married-civ-spouse,Prof-specialty,Husband,White,Male,0,0,50
50,State-gov,54709,HS-grad,9,Divorced,Adm-clerical,Unmarried,White,Female,0,0,35
40,Private,121874,Assoc-acdm,12,Married-civ-spouse,Sales,Husband,White,Male,7688,0,45
44,Private,121130,HS-grad,9,Divorced,Other-service,Unmarried,White,Female,0,0,40
55,Private,23789,HS-grad,9,Divorced,Exec-managerial,Not-in-family,White,Female,0,0,40
35,Private,180686,HS-grad,9,Married-civ-spouse,Craft-repair,Husband,White,Male,3137,0,40
29,State-gov,188986,Assoc-voc,11,Never-married,Tech-support,Not-in-family,White,Female,0,1590,40
43,Private,213844,HS-grad,9,Married-AF-spouse,Craft-repair,Wife,Black,Female,0,0,40
18,Private,88642,Some-college,10,Never-married,Sales,Own-child,White,Male,0,0,15
41,Private,242089,Masters,14,Married-civ-spouse,Exec-managerial,Husband,White,Male,0,0,50
42,Private,245317,HS-grad,9,Married-civ-spouse,Sales,Husband,White,Male,0,0,40
19,Private,307496,Some-college,10,Never-married,Other-service,Own-child,White,Female,0,0,30
27,Private,130438,HS-grad,9,Never-married,Machine-op-inspct,Not-in-family,White,Male,0,0,40
33,Local-gov,281784,Bachelors,13,Never-married,Tech-support,Not-in-family,Black,Male,0,1564,40
32,Private,168138,Assoc-acdm,12,Divorced,Sales,Not-in-family,White,Male,2597,0,40
52,Private,48343,Assoc-voc,11,Married-civ-spouse,Exec-managerial,Husband,White,Male,0,0,40
56,Private,139616,Bachelors,13,Divorced,Exec-managerial,Not-in-family,White,Male,0,0,40
19,Private,220101,Some-college,10,Never-married,Adm-clerical,Not-in-family,White,Female,0,0,40
63,?,179981,HS-grad,9,Married-civ-spouse,?,Husband,White,Male,0,0,40
37,Private,242713,12th,8,Separated,Priv-house-serv,Unmarried,Black,Female,0,0,40
21,Private,146499,Assoc-voc,11,Married-civ-spouse,Adm-clerical,Other-relative,White,Female,0,1579,35
43,Private,373403,Assoc-voc,11,Married-civ-spouse,Craft-repair,Husband,White,Male,0,0,40
25,Private,22546,Bachelors,13,Never-married,Transport-moving,Own-child,White,Male,0,0,40
69,Private,230417,Doctorate,16,Married-civ-spouse,Prof-specialty,Husband,White,Male,0,0,40
27,Private,223751,Some-college,10,Never-married,Craft-repair,Not-in-family,White,Male,0,0,40
69,?,476653,Bachelors,13,Married-civ-spouse,?,Husband,White,Male,0,0,40
43,?,405374,Some-college,10,Separated,?,Not-in-family,Black,Male,0,0,40
28,Private,416577,HS-grad,9,Married-civ-spouse,Craft-repair,Husband,Black,Male,2829,0,40
34,Local-gov,35683,Assoc-acdm,12,Divorced,Adm-clerical,Unmarried,White,Female,0,0,40
42,Private,145711,Masters,14,Married-civ-spouse,Prof-specialty,Husband,White,Male,0,1902,50
18,Private,193166,9th,5,Never-married,Sales,Own-child,White,Female,0,0,20
21,Private,163595,Some-college,10,Never-married,Other-service,Own-child,White,Male,0,0,20
61,Self-emp-not-inc,115882,1st-4th,2,Married-civ-spouse,Craft-repair,Husband,White,Male,0,0,40
68,Self-emp-not-inc,166083,HS-grad,9,Married-civ-spouse,Exec-managerial,Husband,White,Male,0,0,40
19,State-gov,127085,Some-college,10,Never-married,Other-service,Own-child,White,Male,0,0,35
60,?,160155,Bachelors,13,Married-civ-spouse,?,Husband,White,Male,0,0,40
28,Private,791084,Some-college,10,Never-married,Craft-repair,Own-child,White,Male,0,0,40
59,State-gov,139616,Masters,14,Married-civ-spouse,Exec-managerial,Husband,White,Male,0,0,40
26,Private,33939,Some-college,10,Never-married,Tech-support,Own-child,White,Male,0,0,40
22,Private,208946,Some-college,10,Never-married,Sales,Own-child,White,Male,0,0,20
48,State-gov,353824,HS-grad,9,Married-civ-spouse,Protective-serv,Husband,White,Male,0,0,40
31,Private,341672,Some-college,10,Married-civ-spouse,Adm-clerical,Husband,Asian-Pac-Islander,Male,0,0,40
66,Private,174491,HS-grad,9,Married-civ-spouse,Handlers-cleaners,Husband,White,Male,0,0,40
32,Private,143604,10th,6,Married-spouse-absent,Other-service,Not-in-family,Black,Female,0,0,40
40,Self-emp-not-inc,48859,HS-grad,9,Married-civ-spouse,Craft-repair,Husband,White,Male,0,0,50
19,Private,236940,HS-grad,9,Never-married,Farming-fishing,Own-child,White,Male,0,0,40
43,Private,248094,HS-grad,9,Divorced,Craft-repair,Unmarried,White,Male,0,0,40
33,Private,208180,Bachelors,13,Never-married,Sales,Not-in-family,White,Female,0,0,40
42,Self-emp-not-inc,183765,Assoc-acdm,12,Married-civ-spouse,Sales,Husband,White,Male,0,0,50
50,Self-emp-not-inc,343748,Some-college,10,Married-civ-spouse,Craft-repair,Husband,White,Male,0,0,40
47,Private,181363,Masters,14,Married-civ-spouse,Prof-specialty,Husband,White,Male,0,0,50
19,Private,223392,HS-grad,9,Never-married,Handlers-cleaners,Own-child,White,Male,0,0,20
41,Private,67339,Bachelors,13,Married-civ-spouse,Machine-op-inspct,Husband,White,Male,0,0,40
31,Private,113667,HS-grad,9,Never-married,Sales,Unmarried,Black,Female,0,0,40
45,Private,127738,Some-college,10,Married-civ-spouse,Other-service,Husband,White,Male,0,0,40
31,Private,91964,Bachelors,13,Never-married,Exec-managerial,Not-in-family,White,Male,0,0,50
46,Self-emp-inc,161386,9th,5,Married-civ-spouse,Adm-clerical,Wife,White,Female,0,0,40
55,?,227203,Assoc-acdm,12,Married-spouse-absent,?,Not-in-family,White,Female,0,0,40
26,Private,318934,10th,6,Married-civ-spouse,Handlers-cleaners,Husband,White,Male,0,0,40
46,Self-emp-inc,278322,Bachelors,13,Married-civ-spouse,Sales,Husband,White,Male,0,0,50
36,Private,248010,HS-grad,9,Married-civ-spouse,Adm-clerical,Husband,White,Male,0,0,40
33,Local-gov,182971,Some-college,10,Married-civ-spouse,Protective-serv,Husband,White,Male,0,1887,40
51,Private,138852,HS-grad,9,Married-civ-spouse,Craft-repair,Husband,White,Male,0,0,40
39,Private,91996,HS-grad,9,Divorced,Other-service,Unmarried,White,Female,0,0,40
51,Private,137815,Some-college,10,Married-civ-spouse,Adm-clerical,Husband,White,Male,7298,0,40
28,Private,161538,Bachelors,13,Never-married,Tech-support,Not-in-family,White,Female,0,0,40
64,Local-gov,199298,5th-6th,3,Divorced,Other-service,Not-in-family,White,Female,0,0,40
24,Private,196332,HS-grad,9,Never-married,Other-service,Own-child,Black,Female,0,0,20
42,Private,153160,HS-grad,9,Widowed,Other-service,Unmarried,White,Female,0,0,40
38,Private,22494,Some-college,10,Divorced,Adm-clerical,Not-in-family,White,Female,7443,0,40
60,?,134152,9th,5,Divorced,?,Not-in-family,Black,Male,0,0,40
18,Private,102182,12th,8,Never-married,Priv-house-serv,Not-in-family,White,Female,0,0,15
35,Private,167062,HS-grad,9,Married-civ-spouse,Adm-clerical,Husband,White,Male,0,0,40
38,Private,129102,HS-grad,9,Married-civ-spouse,Exec-managerial,Husband,White,Male,0,0,50
36,Private,185405,HS-grad,9,Married-civ-spouse,Adm-clerical,Husband,White,Male,0,0,40
50,?,257117,9th,5,Married-civ-spouse,?,Husband,White,Male,0,0,40
23,Private,41721,Assoc-voc,11,Married-civ-spouse,Craft-repair,Husband,White,Male,0,0,40
27,Private,210498,Some-college,10,Married-civ-spouse,Exec-managerial,Husband,White,Male,0,0,50
52,Local-gov,330799,9th,5,Married-civ-spouse,Other-service,Wife,White,Female,0,0,40
19,Private,64112,12th,8,Never-married,Adm-clerical,Not-in-family,White,Female,0,0,30
23,Self-emp-inc,215395,Assoc-voc,11,Never-married,Craft-repair,Not-in-family,White,Male,0,0,50
41,Private,93793,Masters,14,Married-civ-spouse,Prof-specialty,Husband,White,Male,0,0,50
17,Private,38611,11th,7,Never-married,Adm-clerical,Own-child,White,Female,0,0,30
20,Private,56322,Some-college,10,Never-married,Other-service,Own-child,White,Male,2176,0,20
18,Private,182643,Some-college,10,Never-married,Handlers-cleaners,Own-child,White,Male,0,0,20
28,Private,173611,HS-grad,9,Never-married,Exec-managerial,Own-child,White,Female,0,0,40
35,Self-emp-not-inc,185621,Bachelors,13,Never-married,Prof-specialty,Own-child,White,Female,0,0,40
18,Local-gov,36411,12th,8,Never-married,Prof-specialty,Own-child,White,Male,0,0,20
43,Private,180138,HS-grad,9,Never-married,Craft-repair,Not-in-family,White,Male,0,0,40
37,Private,243409,HS-grad,9,Married-civ-spouse,Transport-moving,Husband,White,Male,0,0,60
31,Local-gov,331126,Bachelors,13,Never-married,Protective-serv,Own-child,Black,Male,0,0,40
30,Private,44419,Some-college,10,Never-married,Tech-support,Unmarried,White,Female,0,0,40
59,Private,182460,HS-grad,9,Married-civ-spouse,Exec-managerial,Husband,White,Male,0,0,40
30,Private,186932,Bachelors,13,Married-civ-spouse,Exec-managerial,Husband,White,Male,0,0,40
25,Local-gov,514716,Bachelors,13,Never-married,Adm-clerical,Own-child,Black,Female,0,0,40
37,Private,308691,Bachelors,13,Married-civ-spouse,Craft-repair,Husband,White,Male,0,0,80
49,?,228372,Some-college,10,Married-civ-spouse,?,Husband,White,Male,0,0,40
23,State-gov,136075,Bachelors,13,Never-married,Prof-specialty,Not-in-family,White,Female,0,0,30
56,Self-emp-inc,70720,Masters,14,Divorced,Exec-managerial,Not-in-family,White,Male,27828,0,60
38,Private,108907,HS-grad,9,Divorced,Craft-repair,Not-in-family,White,Male,0,0,40
33,Private,215288,11th,7,Never-married,Handlers-cleaners,Own-child,Black,Male,0,0,40
43,Private,245487,HS-grad,9,Married-civ-spouse,Craft-repair,Husband,Other,Male,0,0,40
33,Private,345277,Bachelors,13,Never-married,Tech-support,Not-in-family,White,Female,0,0,40
28,Private,189186,Assoc-voc,11,Never-married,Sales,Not-in-family,White,Male,0,0,40
20,Private,247794,HS-grad,9,Never-married,Sales,Not-in-family,White,Female,0,0,40
27,Self-emp-inc,64379,HS-grad,9,Married-civ-spouse,Craft-repair,Husband,White,Male,0,1740,60
42,Private,274913,HS-grad,9,Divorced,Craft-repair,Unmarried,White,Male,0,0,40
22,Private,333910,Some-college,10,Never-married,Tech-support,Not-in-family,White,Female,0,0,20
54,Private,172281,Masters,14,Divorced,Tech-support,Not-in-family,White,Male,0,0,40
55,Self-emp-not-inc,477867,Bachelors,13,Married-civ-spouse,Exec-managerial,Husband,White,Male,0,0,50
26,Private,333108,HS-grad,9,Divorced,Sales,Not-in-family,White,Male,0,0,40
55,Private,359972,Bachelors,13,Married-civ-spouse,Exec-managerial,Husband,White,Male,0,1887,50
34,Local-gov,240252,Masters,14,Married-civ-spouse,Exec-managerial,Husband,White,Male,0,0,40
20,Private,105244,Some-college,10,Never-married,Handlers-cleaners,Not-in-family,White,Male,0,0,40
30,Local-gov,181372,Bachelors,13,Married-civ-spouse,Prof-specialty,Wife,White,Female,0,0,40
53,State-gov,58913,Masters,14,Married-civ-spouse,Exec-managerial,Husband,White,Male,0,0,40
42,Private,178074,HS-grad,9,Divorced,Adm-clerical,Not-in-family,White,Female,0,0,40
28,Private,134890,Bachelors,13,Never-married,Exec-managerial,Own-child,White,Male,0,0,50
64,?,49194,11th,7,Married-civ-spouse,?,Husband,White,Male,0,0,40
41,?,206916,Bachelors,13,Married-spouse-absent,?,Not-in-family,White,Male,0,0,40
37,Private,154571,Some-college,10,Married-civ-spouse,Craft-repair,Husband,Asian-Pac-Islander,Male,0,0,40
52,Self-emp-not-inc,77336,Assoc-voc,11,Married-civ-spouse,Craft-repair,Husband,White,Male,0,0,40
47,Private,214800,Assoc-voc,11,Married-civ-spouse,Handlers-cleaners,Husband,White,Male,0,0,40
47,Private,110243,11th,7,Married-civ-spouse,Other-service,Husband,White,Male,0,0,40
64,Private,270333,Bachelors,13,Married-civ-spouse,Prof-specialty,Husband,White,Male,0,0,40
51,Self-emp-not-inc,306784,HS-grad,9,Married-civ-spouse,Exec-managerial,Husband,White,Male,0,0,50
38,Private,171344,11th,7,Married-spouse-absent,Transport-moving,Own-child,White,Male,0,0,40
42,State-gov,24264,Some-college,10,Divorced,Transport-moving,Unmarried,White,Male,0,0,40
20,Private,142673,Some-college,10,Never-married,Adm-clerical,Not-in-family,White,Female,0,0,35
64,?,267198,Prof-school,15,Married-civ-spouse,?,Husband,White,Male,0,0,2
27,Private,377680,Assoc-voc,11,Never-married,Sales,Not-in-family,White,Male,0,0,40
23,Private,129345,Some-college,10,Never-married,Other-service,Not-in-family,White,Male,0,0,30
28,Self-emp-inc,115705,Some-college,10,Never-married,Exec-managerial,Not-in-family,White,Male,0,0,50
38,Federal-gov,95432,HS-grad,9,Married-civ-spouse,Adm-clerical,Husband,White,Male,0,0,40
73,?,84390,Assoc-voc,11,Married-spouse-absent,?,Not-in-family,White,Female,0,0,40
27,?,291547,Bachelors,13,Married-civ-spouse,?,Not-in-family,Other,Female,0,0,40
90,Private,84553,HS-grad,9,Married-civ-spouse,Machine-op-inspct,Husband,White,Male,0,0,40
20,Private,353195,HS-grad,9,Never-married,Craft-repair,Not-in-family,White,Male,0,0,40
17,Private,271837,Some-college,10,Never-married,Craft-repair,Own-child,White,Male,0,0,30
51,Local-gov,123011,Masters,14,Married-civ-spouse,Prof-specialty,Husband,White,Male,0,1977,40
51,Self-emp-inc,194995,Some-college,10,Married-civ-spouse,Exec-managerial,Husband,White,Male,0,0,50
23,Private,250630,Bachelors,13,Never-married,Sales,Not-in-family,White,Female,0,0,40
44,Self-emp-not-inc,103111,Prof-school,15,Married-civ-spouse,Prof-specialty,Husband,White,Male,0,0,45
39,Private,110713,Bachelors,13,Married-civ-spouse,Sales,Husband,White,Male,0,0,50
37,Private,38468,Some-college,10,Never-married,Adm-clerical,Not-in-family,White,Female,0,0,40
31,Private,202822,Some-college,10,Divorced,Adm-clerical,Unmarried,Black,Female,0,0,40
39,Private,216149,Prof-school,15,Divorced,Prof-specialty,Not-in-family,White,Male,0,0,50
44,Private,310255,Some-college,10,Married-civ-spouse,Craft-repair,Husband,White,Male,0,0,40
31,Private,187560,HS-grad,9,Never-married,Adm-clerical,Not-in-family,White,Male,2174,0,40
54,Local-gov,29887,HS-grad,9,Married-civ-spouse,Exec-managerial,Husband,White,Male,0,0,40
34,Private,116910,HS-grad,9,Married-civ-spouse,Craft-repair,Husband,White,Male,0,0,40
36,Private,206253,Some-college,10,Never-married,Other-service,Not-in-family,White,Female,0,1617,40
42,Private,183205,HS-grad,9,Divorced,Exec-managerial,Unmarried,White,Female,0,0,40
39,Self-emp-inc,163237,Some-college,10,Married-civ-spouse,Farming-fishing,Husband,White,Male,0,0,80
25,Private,193787,Some-college,10,Never-married,Machine-op-inspct,Own-child,White,Female,0,0,40
51,Private,233149,Assoc-acdm,12,Married-civ-spouse,Exec-managerial,Husband,White,Male,0,0,50
23,Local-gov,254127,Bachelors,13,Never-married,Prof-specialty,Other-relative,White,Female,0,0,40
24,Private,32921,Some-college,10,Never-married,Farming-fishing,Own-child,White,Male,0,0,40
41,Self-emp-not-inc,204235,Prof-school,15,Married-civ-spouse,Prof-specialty,Husband,White,Male,0,0,50
27,Private,253814,Some-college,10,Never-married,Adm-clerical,Not-in-family,White,Female,0,0,40
41,Private,123403,HS-grad,9,Married-civ-spouse,Adm-clerical,Husband,White,Male,0,0,40
51,Private,205100,Some-college,10,Divorced,Sales,Not-in-family,White,Female,0,0,40
19,Private,91928,Some-college,10,Never-married,Other-service,Other-relative,White,Female,0,0,30
27,Private,193898,Bachelors,13,Married-civ-spouse,Sales,Husband,White,Male,0,0,50
46,Self-emp-inc,191978,Masters,14,Married-civ-spouse,Exec-managerial,Husband,White,Male,0,2392,50
34,Private,134886,Some-college,10,Never-married,Adm-clerical,Not-in-family,White,Female,0,0,45
22,Private,208946,Some-college,10,Never-married,Adm-clerical,Own-child,White,Male,0,0,20
41,?,149385,HS-grad,9,Never-married,?,Not-in-family,White,Female,0,0,44
82,Private,147729,5th-6th,3,Widowed,Other-service,Unmarried,White,Male,0,0,18
33,Local-gov,242150,Assoc-voc,11,Married-civ-spouse,Tech-support,Husband,White,Male,0,0,40
75,Self-emp-not-inc,31428,HS-grad,9,Married-civ-spouse,Farming-fishing,Husband,White,Male,3456,0,40
28,State-gov,175325,HS-grad,9,Married-civ-spouse,Protective-serv,Husband,White,Male,0,0,40
27,Private,119793,Bachelors,13,Married-civ-spouse,Craft-repair,Husband,White,Male,0,0,50
29,Local-gov,419722,Assoc-acdm,12,Never-married,Adm-clerical,Not-in-family,White,Male,3674,0,40
17,Private,19752,11th,7,Never-married,Other-service,Own-child,Black,Female,0,0,20
32,Private,154950,Prof-school,15,Never-married,Prof-specialty,Not-in-family,White,Male,0,0,50
36,Private,83471,HS-grad,9,Widowed,Other-service,Unmarried,Asian-Pac-Islander,Female,0,0,40
33,Self-emp-not-inc,102884,Bachelors,13,Married-civ-spouse,Sales,Own-child,White,Male,0,0,50
90,Private,221832,Bachelors,13,Married-civ-spouse,Exec-managerial,Husband,White,Male,0,0,40
25,?,161235,Assoc-voc,11,Never-married,?,Own-child,White,Male,0,0,40
48,Private,36228,HS-grad,9,Divorced,Transport-moving,Not-in-family,White,Male,0,0,40
25,Private,209227,Bachelors,13,Never-married,Prof-specialty,Own-child,White,Female,0,0,40
33,Private,180859,HS-grad,9,Divorced,Exec-managerial,Not-in-family,White,Male,0,0,40
24,Private,448026,Bachelors,13,Never-married,Sales,Own-child,White,Male,0,0,50
51,Private,204447,Some-college,10,Married-civ-spouse,Prof-specialty,Husband,White,Male,0,0,50
33,Private,137088,Bachelors,13,Married-civ-spouse,Machine-op-inspct,Husband,Other,Male,0,0,40
52,Private,203392,Some-college,10,Married-civ-spouse,Craft-repair,Husband,White,Male,5013,0,40
23,Private,268525,Bachelors,13,Never-married,Prof-specialty,Not-in-family,White,Male,0,0,50
31,Private,165949,HS-grad,9,Divorced,Other-service,Unmarried,White,Female,0,0,40
24,State-gov,231473,Assoc-acdm,12,Married-civ-spouse,Adm-clerical,Husband,White,Male,0,0,40
20,Private,368852,Some-college,10,Never-married,Other-service,Own-child,White,Female,0,0,20
39,Local-gov,256997,Bachelors,13,Married-civ-spouse,Craft-repair,Husband,White,Male,0,0,40
47,Federal-gov,142581,Some-college,10,Married-civ-spouse,Adm-clerical,Husband,Black,Male,0,0,40
30,Private,205659,Assoc-acdm,12,Married-civ-spouse,Exec-managerial,Wife,White,Female,0,0,40
38,Private,48093,HS-grad,9,Married-civ-spouse,Handlers-cleaners,Husband,White,Male,0,0,40
17,Private,198124,11th,7,Never-married,Sales,Own-child,White,Male,0,0,30
38,Self-emp-not-inc,93206,Bachelors,13,Married-civ-spouse,Exec-managerial,Husband,Asian-Pac-Islander,Male,0,1902,50
51,Private,158508,Some-college,10,Divorced,Exec-managerial,Not-in-family,White,Female,0,0,40
41,?,217921,9th,5,Married-civ-spouse,?,Wife,Asian-Pac-Islander,Female,0,0,40
21,Private,283757,Some-college,10,Never-married,Sales,Own-child,White,Male,0,0,40
60,Self-emp-not-inc,127805,7th-8th,4,Married-civ-spouse,Transport-moving,Husband,White,Male,0,0,40
23,Private,146499,HS-grad,9,Separated,Machine-op-inspct,Unmarried,White,Female,0,0,40
25,Private,180212,HS-grad,9,Never-married,Adm-clerical,Unmarried,Black,Female,0,0,40
32,Self-emp-not-inc,84119,HS-grad,9,Married-civ-spouse,Craft-repair,Husband,White,Male,0,0,40
38,Self-emp-not-inc,334366,Some-college,10,Married-civ-spouse,Farming-fishing,Wife,White,Female,0,0,40
55,Private,282753,5th-6th,3,Divorced,Other-service,Unmarried,Black,Male,0,0,40
19,Self-emp-not-inc,100999,11th,7,Never-married,Adm-clerical,Own-child,White,Female,0,0,35
36,Private,348022,10th,6,Married-civ-spouse,Other-service,Wife,White,Female,0,0,40
17,Private,159299,11th,7,Never-married,Other-service,Own-child,White,Female,0,0,20
49,Private,218357,Assoc-voc,11,Divorced,Prof-specialty,Not-in-family,White,Female,0,0,40
34,Self-emp-inc,544268,HS-grad,9,Divorced,Sales,Not-in-family,White,Female,0,0,50
42,Self-emp-inc,119281,Bachelors,13,Married-civ-spouse,Exec-managerial,Husband,White,Male,0,0,50
60,Self-emp-inc,105339,Bachelors,13,Married-civ-spouse,Exec-managerial,Husband,White,Male,7298,0,55
40,Private,184682,Some-college,10,Divorced,Adm-clerical,Unmarried,White,Female,0,0,40
33,Private,91811,HS-grad,9,Separated,Transport-moving,Not-in-family,White,Male,0,0,40
40,Self-emp-inc,49249,Bachelors,13,Married-civ-spouse,Exec-managerial,Husband,White,Male,0,0,50
19,Private,445728,HS-grad,9,Never-married,Craft-repair,Not-in-family,White,Male,0,0,40
54,Self-emp-not-inc,179704,Bachelors,13,Married-civ-spouse,Exec-managerial,Husband,White,Male,0,0,60
37,Private,167613,HS-grad,9,Married-civ-spouse,Other-service,Husband,White,Male,0,0,40
22,?,87867,12th,8,Never-married,?,Not-in-family,White,Male,0,0,20
39,Private,435638,Some-college,10,Never-married,Machine-op-inspct,Not-in-family,White,Male,0,0,40
31,Private,90668,10th,6,Never-married,Other-service,Not-in-family,White,Female,0,0,40
46,Private,353512,HS-grad,9,Married-civ-spouse,Machine-op-inspct,Husband,White,Male,0,0,40
