Age,WorkClass,fnlwgt,Education,EducationNum,MaritalStatus,Occupation,Relationship,Race,Gender,CapitalGain,CapitalLoss,HoursPerWeek,NativeCountry,Income
21,Private,315065,7th-8th,4,Never-married,Other-service,Other-relative,White,Male,0,0,48,Mexico,<=50K
53,Local-gov,233734,Masters,14,Divorced,Prof-specialty,Not-in-family,Black,Female,0,0,40,United-States,<=50K
24,Private,159580,Bachelors,13,Never-married,Other-service,Own-child,Black,Female,0,0,75,United-States,<=50K
29,Private,51944,HS-grad,9,Married-civ-spouse,Other-service,Wife,White,Female,4386,0,40,United-States,<=50K
30,Private,159888,Bachelors,13,Never-married,Sales,Not-in-family,White,Male,0,0,60,United-States,>50K
41,Private,147206,12th,8,Married-civ-spouse,Handlers-cleaners,Husband,White,Male,0,0,40,United-States,<=50K
40,Private,205175,HS-grad,9,Widowed,Machine-op-inspct,Unmarried,Black,Female,0,0,37,United-States,<=50K
37,Private,171150,Bachelors,13,Married-civ-spouse,Sales,Husband,White,Male,99999,0,60,United-States,>50K
45,Self-emp-inc,197332,Some-college,10,Married-civ-spouse,Craft-repair,Husband,White,Male,0,0,55,United-States,>50K
30,Private,174201,Some-college,10,Never-married,Craft-repair,Own-child,White,Male,0,0,40,United-States,<=50K
45,Private,60267,HS-grad,9,Divorced,Adm-clerical,Unmarried,White,Female,0,0,38,United-States,<=50K
54,Private,172962,HS-grad,9,Married-civ-spouse,Sales,Husband,White,Male,0,0,40,United-States,<=50K
51,Private,93193,HS-grad,9,Divorced,Prof-specialty,Not-in-family,White,Female,0,0,40,United-States,<=50K
37,Self-emp-not-inc,301568,HS-grad,9,Married-civ-spouse,Prof-specialty,Wife,White,Female,0,0,35,United-States,<=50K
36,Federal-gov,203836,Some-college,10,Married-civ-spouse,Handlers-cleaners,Husband,White,Male,0,0,50,United-States,<=50K
56,Private,147989,Some-college,10,Married-spouse-absent,Transport-moving,Not-in-family,White,Male,0,0,40,United-States,<=50K
35,Private,98389,11th,7,Married-civ-spouse,Farming-fishing,Husband,White,Male,0,0,40,United-States,<=50K
71,Local-gov,365996,Bachelors,13,Widowed,Prof-specialty,Unmarried,White,Female,0,0,6,United-States,<=50K
48,?,167381,HS-grad,9,Widowed,?,Unmarried,White,Female,0,0,25,United-States,<=50K
38,Private,167882,Some-college,10,Widowed,Other-service,Other-relative,Black,Female,0,0,45,Haiti,<=50K
67,Self-emp-not-inc,195066,HS-grad,9,Married-civ-spouse,Farming-fishing,Husband,White,Male,0,0,50,United-States,<=50K
60,State-gov,165827,Doctorate,16,Married-civ-spouse,Prof-specialty,Husband,White,Male,7688,0,60,United-States,>50K
22,Private,207940,Some-college,10,Never-married,Handlers-cleaners,Own-child,White,Female,0,0,36,United-States,<=50K
33,Private,356015,HS-grad,9,Separated,Craft-repair,Not-in-family,Amer-Indian-Eskimo,Male,0,0,35,Hong,<=50K
38,Self-emp-not-inc,127961,Some-college,10,Married-civ-spouse,Machine-op-inspct,Husband,White,Male,0,0,45,United-States,<=50K
46,Private,192793,Some-college,10,Divorced,Exec-managerial,Not-in-family,White,Male,0,0,40,United-States,<=50K
34,Private,120959,Some-college,10,Divorced,Adm-clerical,Unmarried,White,Female,0,0,40,United-States,<=50K
17,Private,342752,11th,7,Never-married,Other-service,Own-child,White,Male,0,0,15,United-States,<=50K
19,Private,162621,Some-college,10,Never-married,Tech-support,Own-child,White,Male,0,0,14,United-States,<=50K
31,Private,231569,Bachelors,13,Never-married,Sales,Not-in-family,Black,Female,0,0,50,United-States,<=50K
42,Private,247695,HS-grad,9,Married-civ-spouse,Machine-op-inspct,Husband,White,Male,0,0,45,United-States,<=50K
26,Private,156805,Some-college,10,Married-civ-spouse,Machine-op-inspct,Husband,Black,Male,0,0,40,United-States,<=50K
24,Private,72119,Bachelors,13,Never-married,Adm-clerical,Own-child,White,Male,2202,0,30,United-States,<=50K
56,Private,231232,Bachelors,13,Married-civ-spouse,Adm-clerical,Husband,White,Male,0,0,30,Canada,<=50K
34,Private,108454,Some-college,10,Married-civ-spouse,Exec-managerial,Husband,White,Male,0,0,45,United-States,<=50K
26,State-gov,169323,Masters,14,Never-married,Prof-specialty,Not-in-family,White,Female,0,0,40,United-States,<=50K
54,Private,263925,1st-4th,2,Married-civ-spouse,Transport-moving,Husband,White,Male,0,0,50,United-States,<=50K
50,Private,200783,7th-8th,4,Divorced,Craft-repair,Not-in-family,White,Male,0,0,60,United-States,>50K
30,Private,169583,HS-grad,9,Never-married,Sales,Own-child,White,Female,0,0,35,United-States,<=50K
23,Private,174754,Some-college,10,Never-married,Sales,Not-in-family,White,Female,0,0,30,United-States,<=50K
21,Private,344492,Some-college,10,Never-married,Other-service,Own-child,White,Female,0,0,30,United-States,<=50K
38,Private,226357,HS-grad,9,Married-civ-spouse,Craft-repair,Husband,White,Male,0,0,40,United-States,<=50K
28,Private,312372,HS-grad,9,Married-civ-spouse,Exec-managerial,Husband,Black,Male,15024,0,40,United-States,<=50K
42,Private,203393,Bachelors,13,Married-civ-spouse,Craft-repair,Wife,Black,Female,0,0,35,United-States,<=50K
24,Private,124242,HS-grad,9,Never-married,Adm-clerical,Own-child,White,Female,0,0,40,United-States,<=50K
62,Private,266624,HS-grad,9,Married-civ-spouse,Farming-fishing,Husband,White,Male,6418,0,40,United-States,<=50K
51,Private,254211,Bachelors,13,Married-civ-spouse,Craft-repair,Husband,White,Male,0,0,20,United-States,<=50K
31,Private,178841,HS-grad,9,Never-married,Adm-clerical,Not-in-family,White,Female,0,0,40,United-States,<=50K
34,Private,103408,Some-college,10,Divorced,Prof-specialty,Not-in-family,Black,Male,0,0,40,Germany,<=50K
22,Private,344176,HS-grad,9,Never-married,Sales,Unmarried,White,Male,0,0,20,United-States,<=50K
63,?,150389,Bachelors,13,Widowed,?,Not-in-family,White,Female,0,0,40,United-States,<=50K
59,Private,126677,Some-college,10,Married-civ-spouse,Exec-managerial,Husband,White,Male,0,0,50,United-States,<=50K
33,Private,204742,Some-college,10,Married-civ-spouse,Sales,Husband,White,Male,0,0,44,United-States,<=50K
29,?,168873,Some-college,10,Divorced,?,Unmarried,White,Female,0,0,30,United-States,<=50K
17,Private,208463,HS-grad,9,Never-married,Sales,Own-child,White,Female,0,0,20,United-States,<=50K
21,Private,221955,HS-grad,9,Never-married,Machine-op-inspct,Unmarried,White,Male,0,0,40,Mexico,<=50K
66,Private,134130,Bachelors,13,Widowed,Other-service,Not-in-family,White,Male,0,0,12,United-States,<=50K
38,Self-emp-not-inc,175732,HS-grad,9,Never-married,Craft-repair,Not-in-family,Amer-Indian-Eskimo,Male,0,0,15,United-States,<=50K
36,Private,186376,Some-college,10,Married-civ-spouse,Machine-op-inspct,Husband,Asian-Pac-Islander,Male,0,0,50,United-States,<=50K
52,Federal-gov,129177,HS-grad,9,Divorced,Adm-clerical,Not-in-family,White,Female,0,0,40,United-States,<=50K
32,Private,120426,HS-grad,9,Separated,Adm-clerical,Unmarried,White,Female,0,0,40,United-States,<=50K
25,Private,209230,HS-grad,9,Never-married,Other-service,Own-child,White,Female,0,0,6,United-States,<=50K
33,Private,232475,Some-college,10,Never-married,Sales,Own-child,White,Male,0,0,45,United-States,<=50K
42,Self-emp-inc,23510,Masters,14,Divorced,Exec-managerial,Unmarried,Asian-Pac-Islander,Male,0,2201,60,India,>50K
46,Private,306183,HS-grad,9,Never-married,Adm-clerical,Unmarried,White,Female,0,0,37,United-States,<=50K
42,Private,197583,Assoc-acdm,12,Married-civ-spouse,Exec-managerial,Husband,Black,Male,0,0,40,?,<=50K
27,Private,267989,Some-college,10,Married-civ-spouse,Machine-op-inspct,Husband,White,Male,0,0,40,United-States,<=50K
22,Private,147655,Some-college,10,Never-married,Adm-clerical,Own-child,White,Female,0,0,40,United-States,<=50K
64,Self-emp-not-inc,159938,HS-grad,9,Married-civ-spouse,Craft-repair,Husband,White,Male,2635,0,24,Italy,<=50K
31,Private,59496,Some-college,10,Married-civ-spouse,Adm-clerical,Husband,White,Male,0,0,50,United-States,<=50K
29,State-gov,201556,Bachelors,13,Never-married,Prof-specialty,Not-in-family,White,Male,0,0,50,United-States,<=50K
48,Private,273828,5th-6th,3,Never-married,Handlers-cleaners,Not-in-family,White,Male,0,0,40,Mexico,<=50K
21,Private,204641,Some-college,10,Never-married,Other-service,Own-child,White,Male,0,0,40,United-States,<=50K
36,Self-emp-not-inc,343721,Doctorate,16,Never-married,Prof-specialty,Not-in-family,White,Male,0,0,30,?,<=50K
37,Private,170563,Assoc-voc,11,Separated,Prof-specialty,Unmarried,White,Female,0,0,32,United-States,<=50K
76,?,172637,Some-college,10,Married-civ-spouse,?,Husband,White,Male,0,0,20,United-States,<=50K
52,Self-emp-not-inc,104501,Some-college,10,Married-civ-spouse,Tech-support,Husband,White,Male,0,0,60,United-States,>50K
34,Local-gov,117018,Some-college,10,Never-married,Protective-serv,Not-in-family,White,Female,0,0,40,United-States,<=50K
67,Federal-gov,44774,Bachelors,13,Widowed,Adm-clerical,Not-in-family,White,Female,0,0,40,United-States,<=50K
51,Local-gov,35211,Masters,14,Married-civ-spouse,Prof-specialty,Husband,Amer-Indian-Eskimo,Male,0,0,40,United-States,<=50K
60,Private,291904,10th,6,Divorced,Other-service,Not-in-family,Black,Female,0,0,40,United-States,<=50K
28,Private,204734,Some-college,10,Married-civ-spouse,Tech-support,Wife,White,Female,0,0,40,United-States,<=50K
38,Private,126675,HS-grad,9,Divorced,Craft-repair,Not-in-family,White,Male,0,2205,40,United-States,<=50K
31,Private,45781,Masters,14,Never-married,Prof-specialty,Not-in-family,White,Female,14084,0,50,United-States,<=50K
34,Private,34080,Assoc-voc,11,Married-civ-spouse,Craft-repair,Husband,White,Male,0,0,40,England,<=50K
23,Private,462294,Assoc-acdm,12,Never-married,Other-service,Own-child,Black,Male,0,0,44,United-States,<=50K
43,Private,143368,HS-grad,9,Divorced,Farming-fishing,Not-in-family,Black,Male,0,0,40,United-States,<=50K
70,?,148065,Some-college,10,Married-civ-spouse,?,Husband,White,Male,0,0,4,United-States,<=50K
48,Private,115585,Bachelors,13,Married-civ-spouse,Sales,Husband,White,Male,0,0,40,United-States,<=50K
48,Self-emp-not-inc,397466,Some-college,10,Married-civ-spouse,Exec-managerial,Husband,White,Male,0,0,60,United-States,>50K
33,Private,223212,HS-grad,9,Divorced,Craft-repair,Unmarried,White,Male,0,0,40,United-States,<=50K
19,Private,188008,Some-college,10,Never-married,Sales,Own-child,Black,Female,0,0,20,United-States,<=50K
20,Private,184779,Some-college,10,Never-married,Tech-support,Own-child,White,Female,0,0,20,United-States,<=50K
41,Local-gov,160785,HS-grad,9,Married-civ-spouse,Craft-repair,Husband,White,Male,0,0,40,United-States,<=50K
47,State-gov,120429,Doctorate,16,Married-civ-spouse,Prof-specialty,Husband,White,Male,15024,0,50,United-States,>50K
27,State-gov,28848,Bachelors,13,Never-married,Prof-specialty,Not-in-family,White,Male,0,0,9,United-States,<=50K
31,Private,356689,Bachelors,13,Never-married,Farming-fishing,Not-in-family,White,Male,0,0,40,United-States,<=50K
44,Private,193459,Assoc-voc,11,Married-civ-spouse,Craft-repair,Husband,White,Male,3411,0,40,United-States,<=50K
32,Local-gov,190228,HS-grad,9,Married-civ-spouse,Other-service,Husband,White,Male,0,0,40,United-States,<=50K
25,Private,114483,Some-college,10,Married-civ-spouse,Exec-managerial,Husband,White,Male,0,0,50,United-States,<=50K
44,Self-emp-not-inc,115896,Assoc-voc,11,Widowed,Prof-specialty,Unmarried,White,Female,0,0,40,United-States,<=50K
58,Private,212534,HS-grad,9,Married-civ-spouse,Craft-repair,Husband,White,Male,0,0,40,United-States,<=50K
36,Private,169926,HS-grad,9,Divorced,Sales,Not-in-family,White,Female,0,0,40,United-States,<=50K
50,Self-emp-inc,123429,Bachelors,13,Married-civ-spouse,Prof-specialty,Husband,White,Male,0,0,45,Italy,<=50K
45,Private,191703,HS-grad,9,Never-married,Adm-clerical,Own-child,Black,Female,0,0,40,United-States,<=50K
37,Self-emp-inc,86459,Assoc-acdm,12,Separated,Exec-managerial,Unmarried,White,Male,0,0,50,United-States,<=50K
41,Self-emp-inc,94113,Prof-school,15,Married-civ-spouse,Prof-specialty,Husband,White,Male,0,0,60,United-States,>50K
66,?,222810,Some-college,10,Divorced,?,Other-relative,White,Female,0,0,35,United-States,<=50K
35,Private,199352,Prof-school,15,Married-civ-spouse,Prof-specialty,Husband,White,Male,0,1977,80,United-States,>50K
54,Private,221915,Prof-school,15,Never-married,Prof-specialty,Other-relative,White,Female,0,0,65,United-States,<=50K
37,Self-emp-inc,382802,Doctorate,16,Married-civ-spouse,Prof-specialty,Husband,Black,Male,0,0,99,United-States,>50K
52,Private,400004,Assoc-voc,11,Married-civ-spouse,Exec-managerial,Husband,White,Male,0,0,40,United-States,<=50K
34,Private,144798,Some-college,10,Never-married,Adm-clerical,Not-in-family,White,Female,0,0,40,United-States,<=50K
27,Federal-gov,188343,HS-grad,9,Separated,Exec-managerial,Unmarried,Black,Female,0,0,40,United-States,<=50K
63,Private,219540,HS-grad,9,Divorced,Craft-repair,Not-in-family,White,Female,0,0,40,United-States,<=50K
21,Private,305874,Some-college,10,Married-civ-spouse,Craft-repair,Husband,White,Male,0,0,54,United-States,<=50K
38,Private,135416,Some-college,10,Divorced,Adm-clerical,Own-child,White,Female,0,0,40,United-States,<=50K
20,Private,192711,Some-college,10,Never-married,Handlers-cleaners,Own-child,White,Female,0,0,40,United-States,<=50K
20,Private,148709,Some-college,10,Never-married,Prof-specialty,Unmarried,White,Female,0,0,25,United-States,<=50K
35,Private,47707,HS-grad,9,Never-married,Other-service,Not-in-family,Black,Female,0,0,40,United-States,<=50K
47,Private,191411,Masters,14,Married-civ-spouse,Prof-specialty,Husband,Asian-Pac-Islander,Male,0,0,45,India,<=50K
46,Local-gov,375675,12th,8,Married-civ-spouse,Other-service,Husband,White,Male,0,0,35,United-States,<=50K
46,Private,585361,9th,5,Divorced,Exec-managerial,Unmarried,White,Female,0,0,40,United-States,<=50K
45,Private,112283,Bachelors,13,Married-civ-spouse,Sales,Husband,White,Male,0,0,55,United-States,>50K
20,Private,291979,HS-grad,9,Married-civ-spouse,Sales,Other-relative,White,Male,0,0,20,United-States,<=50K
28,Private,226891,Some-college,10,Never-married,Adm-clerical,Unmarried,Asian-Pac-Islander,Female,0,0,30,?,<=50K
24,Private,211968,Some-college,10,Never-married,Sales,Not-in-family,White,Female,0,0,24,United-States,<=50K
40,Self-emp-not-inc,45093,HS-grad,9,Divorced,Craft-repair,Not-in-family,White,Male,0,0,45,Canada,<=50K
27,Private,122038,HS-grad,9,Married-civ-spouse,Craft-repair,Husband,White,Male,0,0,48,United-States,<=50K
22,State-gov,22966,Some-college,10,Married-spouse-absent,Tech-support,Unmarried,White,Male,0,0,20,United-States,<=50K
24,Private,236696,Bachelors,13,Never-married,Exec-managerial,Not-in-family,White,Male,0,0,40,United-States,<=50K
75,Self-emp-inc,98116,Some-college,10,Widowed,Sales,Not-in-family,White,Male,0,0,40,United-States,<=50K
54,Private,280292,Some-college,10,Married-civ-spouse,Sales,Husband,White,Male,0,0,32,United-States,<=50K
84,Private,241065,Masters,14,Never-married,Prof-specialty,Not-in-family,White,Male,0,0,66,United-States,<=50K
23,Private,120910,HS-grad,9,Never-married,Other-service,Unmarried,White,Female,0,0,35,United-States,<=50K
78,?,33186,7th-8th,4,Married-civ-spouse,?,Husband,White,Male,0,0,60,United-States,<=50K
18,Private,45316,11th,7,Never-married,Other-service,Own-child,White,Female,0,0,20,United-States,<=50K
71,Private,193530,11th,7,Never-married,Priv-house-serv,Not-in-family,White,Female,0,0,75,United-States,<=50K
61,?,135285,HS-grad,9,Married-civ-spouse,?,Husband,White,Male,0,2603,32,United-States,<=50K
47,State-gov,223944,Some-college,10,Married-civ-spouse,Adm-clerical,Wife,White,Female,0,0,30,United-States,<=50K
48,Private,247895,Bachelors,13,Married-civ-spouse,Exec-managerial,Husband,Black,Male,0,0,40,United-States,<=50K
42,Private,279914,Bachelors,13,Married-civ-spouse,Tech-support,Husband,White,Male,0,0,40,United-States,<=50K
35,Private,143058,HS-grad,9,Married-civ-spouse,Machine-op-inspct,Husband,White,Male,0,0,60,United-States,>50K
27,Private,116531,Bachelors,13,Never-married,Exec-managerial,Not-in-family,White,Female,0,0,40,United-States,<=50K
21,Private,194861,HS-grad,9,Never-married,Machine-op-inspct,Own-child,White,Male,0,0,40,United-States,<=50K
20,Private,117244,HS-grad,9,Never-married,Machine-op-inspct,Unmarried,White,Female,0,0,45,United-States,<=50K
39,Private,172538,HS-grad,9,Never-married,Machine-op-inspct,Unmarried,White,Male,0,0,40,United-States,<=50K
36,Private,201769,11th,7,Never-married,Protective-serv,Not-in-family,Black,Male,13550,0,40,United-States,<=50K
57,Private,127779,HS-grad,9,Married-civ-spouse,Exec-managerial,Husband,White,Male,0,0,40,United-States,<=50K
56,Self-emp-not-inc,73746,Some-college,10,Married-civ-spouse,Exec-managerial,Husband,White,Male,0,0,50,United-States,<=50K
20,Private,180052,Some-college,10,Never-married,Sales,Own-child,White,Male,0,0,20,United-States,<=50K
33,Private,162930,Bachelors,13,Married-civ-spouse,Prof-specialty,Husband,White,Male,0,0,50,Italy,<=50K
26,Private,177147,HS-grad,9,Never-married,Handlers-cleaners,Own-child,White,Male,0,0,40,United-States,<=50K
19,Private,138760,HS-grad,9,Never-married,Machine-op-inspct,Own-child,White,Male,0,0,40,United-States,<=50K
43,Private,307767,HS-grad,9,Married-civ-spouse,Handlers-cleaners,Husband,White,Male,0,0,40,United-States,<=50K
21,Private,202373,Assoc-voc,11,Never-married,Craft-repair,Own-child,Black,Male,0,0,40,United-States,<=50K
58,Federal-gov,30111,Some-college,10,Widowed,Prof-specialty,Unmarried,Amer-Indian-Eskimo,Female,0,0,40,United-States,<=50K
23,Private,322674,Some-college,10,Never-married,Handlers-cleaners,Not-in-family,White,Male,0,0,40,United-States,<=50K
30,Private,288566,Bachelors,13,Never-married,Other-service,Not-in-family,White,Male,0,0,40,United-States,<=50K
41,Private,112181,Bachelors,13,Married-civ-spouse,Sales,Wife,White,Female,0,0,12,United-States,<=50K
34,Local-gov,246104,Masters,14,Married-civ-spouse,Prof-specialty,Husband,Black,Male,0,0,40,United-States,<=50K
23,Private,435604,Assoc-voc,11,Separated,Exec-managerial,Own-child,White,Female,0,0,40,United-States,<=50K
47,Private,208872,Some-college,10,Married-civ-spouse,Craft-repair,Husband,White,Male,0,0,40,United-States,<=50K
35,Private,117567,HS-grad,9,Divorced,Craft-repair,Not-in-family,White,Male,0,0,40,United-States,<=50K
38,Private,107630,Bachelors,13,Married-civ-spouse,Exec-managerial,Husband,White,Male,0,0,40,United-States,<=50K
35,Private,186886,HS-grad,9,Divorced,Exec-managerial,Unmarried,White,Female,0,0,55,United-States,<=50K
20,Private,373935,HS-grad,9,Never-married,Handlers-cleaners,Own-child,White,Male,0,0,35,United-States,<=50K
58,Private,97562,HS-grad,9,Married-civ-spouse,Sales,Wife,White,Female,0,0,38,United-States,<=50K
60,Private,24872,Some-college,10,Separated,Transport-moving,Not-in-family,Amer-Indian-Eskimo,Female,0,0,30,United-States,<=50K
60,Self-emp-not-inc,170114,9th,5,Married-civ-spouse,Farming-fishing,Husband,White,Male,0,1672,84,United-States,<=50K
56,Private,98361,Masters,14,Married-civ-spouse,Prof-specialty,Husband,White,Male,0,0,40,?,<=50K
33,Private,124827,HS-grad,9,Married-civ-spouse,Transport-moving,Husband,White,Male,0,0,40,United-States,<=50K
33,Private,41610,Bachelors,13,Married-civ-spouse,Prof-specialty,Husband,White,Male,0,0,40,United-States,<=50K
50,Self-emp-not-inc,386397,Bachelors,13,Married-civ-spouse,Sales,Husband,White,Male,0,0,60,United-States,>50K
63,Private,201631,9th,5,Married-civ-spouse,Farming-fishing,Husband,Black,Male,0,0,40,United-States,<=50K
47,Private,167787,HS-grad,9,Never-married,Adm-clerical,Other-relative,White,Female,0,0,40,United-States,<=50K
51,Local-gov,240358,HS-grad,9,Married-civ-spouse,Protective-serv,Husband,White,Male,0,0,40,United-States,<=50K
59,Self-emp-not-inc,201263,Bachelors,13,Married-civ-spouse,Sales,Husband,White,Male,15024,0,55,United-States,>50K
33,Private,264936,HS-grad,9,Divorced,Adm-clerical,Other-relative,White,Female,0,0,40,United-States,<=50K
83,Self-emp-inc,272248,HS-grad,9,Divorced,Sales,Not-in-family,White,Male,0,0,20,United-States,<=50K
27,Private,158156,HS-grad,9,Never-married,Other-service,Not-in-family,White,Female,0,0,42,United-States,<=50K
38,Local-gov,216129,Some-college,10,Married-spouse-absent,Exec-managerial,Unmarried,Black,Female,0,0,35,United-States,<=50K
19,Private,552354,12th,8,Never-married,Machine-op-inspct,Own-child,White,Male,0,0,40,United-States,<=50K
51,Private,384248,Some-college,10,Divorced,Exec-managerial,Unmarried,Black,Female,0,0,50,United-States,<=50K
36,Private,386726,Masters,14,Married-civ-spouse,Prof-specialty,Wife,White,Female,0,1977,44,United-States,<=50K
35,Private,298635,Bachelors,13,Never-married,Sales,Not-in-family,Asian-Pac-Islander,Male,0,0,50,United-States,<=50K
39,Self-emp-not-inc,188335,HS-grad,9,Married-civ-spouse,Farming-fishing,Husband,White,Male,0,0,40,United-States,<=50K
64,?,200017,HS-grad,9,Widowed,?,Not-in-family,White,Female,0,0,20,United-States,<=50K
52,Private,160703,Doctorate,16,Married-civ-spouse,Prof-specialty,Husband,White,Male,0,0,65,United-States,>50K
40,Private,226608,Some-college,10,Divorced,Tech-support,Not-in-family,White,Male,0,0,30,Guatemala,<=50K
41,Private,126850,Prof-school,15,Married-civ-spouse,Adm-clerical,Husband,Asian-Pac-Islander,Male,0,0,40,Philippines,<=50K
24,?,203076,HS-grad,9,Married-civ-spouse,?,Husband,White,Male,0,0,40,United-States,<=50K
48,Private,318331,HS-grad,9,Never-married,Sales,Own-child,White,Male,0,0,40,United-States,<=50K
40,Local-gov,33274,HS-grad,9,Divorced,Other-service,Not-in-family,White,Female,0,0,50,United-States,<=50K
37,Self-emp-not-inc,111129,Some-college,10,Married-civ-spouse,Craft-repair,Husband,White,Male,0,0,45,United-States,<=50K
25,Private,96268,11th,7,Divorced,Exec-managerial,Unmarried,White,Female,0,0,40,United-States,<=50K
48,Private,152953,7th-8th,4,Married-civ-spouse,Craft-repair,Husband,White,Male,0,0,32,Dominican-Republic,<=50K
34,Private,118584,Bachelors,13,Never-married,Exec-managerial,Not-in-family,White,Female,0,0,40,United-States,<=50K
33,Private,183612,HS-grad,9,Married-civ-spouse,Transport-moving,Husband,White,Male,0,0,20,United-States,<=50K
23,Private,86065,12th,8,Never-married,Other-service,Not-in-family,White,Female,0,0,30,United-States,<=50K
31,Private,211334,Some-college,10,Married-civ-spouse,Craft-repair,Husband,White,Male,2407,0,65,United-States,>50K
27,Private,139903,HS-grad,9,Never-married,Sales,Unmarried,Black,Female,0,0,30,United-States,<=50K
37,Private,329026,HS-grad,9,Married-civ-spouse,Adm-clerical,Wife,White,Female,0,0,40,United-States,<=50K
55,Private,101524,Bachelors,13,Married-civ-spouse,Sales,Husband,White,Male,0,0,40,United-States,<=50K
25,Private,181772,Some-college,10,Married-civ-spouse,Craft-repair,Husband,White,Male,0,0,40,United-States,<=50K
32,Private,76773,Some-college,10,Divorced,Machine-op-inspct,Unmarried,White,Female,0,0,40,United-States,<=50K
44,Self-emp-not-inc,33121,Some-college,10,Married-civ-spouse,Farming-fishing,Husband,White,Male,0,0,72,United-States,<=50K
29,?,142443,Bachelors,13,Married-civ-spouse,?,Husband,White,Male,0,0,25,United-States,<=50K
20,Private,158206,Some-college,10,Never-married,Sales,Not-in-family,White,Male,0,0,30,United-States,<=50K
43,Private,75742,HS-grad,9,Married-civ-spouse,Machine-op-inspct,Husband,White,Male,0,0,40,United-States,<=50K
34,Local-gov,255098,Bachelors,13,Divorced,Prof-specialty,Unmarried,White,Female,0,0,40,United-States,<=50K
34,Private,178615,HS-grad,9,Never-married,Handlers-cleaners,Not-in-family,White,Male,0,0,40,United-States,<=50K
31,State-gov,78291,Bachelors,13,Never-married,Prof-specialty,Not-in-family,White,Female,0,0,40,United-States,<=50K
39,Private,387430,HS-grad,9,Never-married,Other-service,Not-in-family,White,Male,0,0,18,United-States,<=50K
29,Self-emp-not-inc,241431,HS-grad,9,Never-married,Craft-repair,Not-in-family,White,Male,0,0,45,United-States,<=50K
20,?,121313,10th,6,Never-married,?,Own-child,White,Male,0,0,40,United-States,<=50K
33,Private,259931,11th,7,Separated,Machine-op-inspct,Other-relative,White,Male,0,0,30,United-States,<=50K
57,Private,319733,Bachelors,13,Married-civ-spouse,Machine-op-inspct,Husband,White,Male,0,0,40,Poland,<=50K
30,Private,224377,HS-grad,9,Never-married,Craft-repair,Not-in-family,White,Male,0,0,40,United-States,<=50K
21,Private,177125,Some-college,10,Never-married,Handlers-cleaners,Not-in-family,White,Male,0,0,20,United-States,<=50K
30,Local-gov,102130,Some-college,10,Married-civ-spouse,Craft-repair,Husband,White,Male,0,0,40,United-States,<=50K
36,Self-emp-inc,107218,Some-college,10,Divorced,Sales,Unmarried,Asian-Pac-Islander,Male,0,0,55,United-States,>50K
36,Private,172129,9th,5,Married-civ-spouse,Handlers-cleaners,Husband,White,Male,0,0,40,United-States,<=50K
40,Private,116632,Bachelors,13,Never-married,Sales,Own-child,White,Male,0,0,40,United-States,<=50K
44,Private,169980,11th,7,Married-civ-spouse,Other-service,Husband,Black,Male,0,0,60,United-States,>50K
58,Private,322013,HS-grad,9,Married-civ-spouse,Craft-repair,Husband,White,Male,0,0,40,United-States,<=50K
52,Self-emp-inc,179951,Prof-school,15,Married-civ-spouse,Exec-managerial,Husband,White,Male,0,0,40,United-States,>50K
66,?,129476,Bachelors,13,Married-civ-spouse,?,Husband,White,Male,0,0,6,United-States,<=50K
46,Private,604380,HS-grad,9,Married-civ-spouse,Other-service,Husband,Black,Male,0,0,40,United-States,<=50K
49,State-gov,154493,HS-grad,9,Divorced,Exec-managerial,Unmarried,White,Female,0,0,44,United-States,<=50K
46,Private,201699,HS-grad,9,Married-civ-spouse,Craft-repair,Husband,White,Male,0,0,40,United-States,<=50K
61,Private,83045,9th,5,Married-civ-spouse,Machine-op-inspct,Husband,White,Male,0,0,40,United-States,<=50K
20,Private,205975,HS-grad,9,Never-married,Adm-clerical,Own-child,White,Female,0,0,20,United-States,<=50K
55,Self-emp-inc,183869,Prof-school,15,Married-civ-spouse,Exec-managerial,Husband,White,Male,0,0,50,?,<=50K
28,Private,435842,Bachelors,13,Married-civ-spouse,Exec-managerial,Husband,White,Male,0,0,40,United-States,<=50K
31,Private,703107,HS-grad,9,Never-married,Machine-op-inspct,Not-in-family,Black,Male,0,0,40,United-States,<=50K
45,Private,26781,HS-grad,9,Married-civ-spouse,Farming-fishing,Husband,Amer-Indian-Eskimo,Male,0,0,40,United-States,<=50K
25,Private,188507,7th-8th,4,Never-married,Machine-op-inspct,Other-relative,White,Female,0,0,40,Dominican-Republic,<=50K
23,Private,60331,HS-grad,9,Never-married,Machine-op-inspct,Own-child,White,Male,0,0,40,United-States,<=50K
32,Private,153078,Bachelors,13,Never-married,Other-service,Not-in-family,Asian-Pac-Islander,Male,0,0,40,South,<=50K
21,Private,199915,Some-college,10,Never-married,Other-service,Own-child,White,Female,0,0,40,United-States,<=50K
20,Private,278391,Some-college,10,Never-married,Adm-clerical,Own-child,White,Male,0,0,25,Nicaragua,<=50K
30,Private,219318,HS-grad,9,Never-married,Machine-op-inspct,Other-relative,White,Female,0,0,35,Puerto-Rico,<=50K
19,Private,199441,HS-grad,9,Never-married,Prof-specialty,Not-in-family,White,Female,0,0,40,United-States,<=50K
58,Private,202652,HS-grad,9,Widowed,Adm-clerical,Not-in-family,White,Female,0,0,37,United-States,<=50K
45,Private,201127,HS-grad,9,Married-civ-spouse,Machine-op-inspct,Husband,White,Male,0,0,40,United-States,<=50K
34,?,166545,Some-college,10,Married-civ-spouse,?,Wife,White,Female,7688,0,6,United-States,<=50K
29,Private,309463,9th,5,Married-civ-spouse,Craft-repair,Husband,White,Male,0,0,40,United-States,<=50K
65,?,105017,Bachelors,13,Married-civ-spouse,?,Husband,White,Male,0,0,40,United-States,<=50K
58,Self-emp-not-inc,274917,Masters,14,Widowed,Other-service,Not-in-family,White,Female,0,0,15,United-States,<=50K
